JPT_SJR_KO,C,3;JPT_POWIER,N,19,11;JPT_KOD_JE,C,20;JPT_NAZWA_,C,128;JPT_ORGAN_,C,254;JPT_JOR_ID,N,9,0;WERSJA_OD,D;WERSJA_DO,D;WAZNY_OD,D;WAZNY_DO,D;JPT_KOD__1,C,3;JPT_NAZWA1,C,3;JPT_ORGAN1,C,3;JPT_WAZNA_,C,3;ID_BUFORA_,N,19,11;ID_BUFORA1,N,19,11;ID_TECHNIC,N,9,0;IIP_PRZEST,C,20;IIP_IDENTY,C,128;IIP_WERSJA,C,32;JPT_KJ_IIP,C,20;JPT_KJ_I_1,C,128;JPT_KJ_I_2,C,32;JPT_OPIS,C,254;JPT_SPS_KO,C,3;ID_BUFOR_1,N,9,0;JPT_ID,N,9,0;JPT_POWI_1,N,19,11;JPT_KJ_I_3,C,3;JPT_GEOMET,N,19,11;JPT_GEOM_1,N,19,11;Shape_Leng,N,19,11;Shape_Area,N,19,11;REGON,C,254
POW;54830;1815;powiat ropczycko-sędziszowski;;13415;26.09.2012;2.01.1;26.09.2012;2.01.1;;;NZN;NZN;13878;0;829084;PL.PZGIK.200;e86b1e71-8958-42ee-bec5-ca3c87907bc8;2012-09-27T08:01:01+02:00;EGIB;1815;;;UZG;0;829084;0;;0;0;1,776162651;0,0688251675;69058143600000
POW;77248;1410;powiat łosicki;;13409;26.09.2012;2.01.1;26.09.2012;2.01.1;;;NZN;NZN;13879;0;829095;PL.PZGIK.200;b83d7094-60a3-460b-b308-f7ec80abb622;2012-09-27T08:13:53+02:00;EGIB;1410;;;UZG;0;829095;0;;0;0;2,2202274132;0,1015950874;03023735100000
POW;85203;1427;powiat sierpecki;;13409;26.09.2012;2.01.1;26.09.2012;2.01.1;;;NZN;NZN;13879;0;829112;PL.PZGIK.200;0be630fb-6221-441d-ae7e-a47db756834b;2012-09-27T08:13:53+02:00;EGIB;1427;;;UZG;0;829112;0;;0;0;2,1389176956;0,1135941024;61101616900000
POW;61487;1404;powiat gostyniński;;13409;26.09.2012;2.01.1;26.09.2012;2.01.1;;;NZN;NZN;13879;0;829121;PL.PZGIK.200;e7dfba34-48fe-4274-9cb0-abcc6ff01654;2012-09-27T08:13:53+02:00;EGIB;1404;;;UZG;0;829121;0;;0;0;2,4357711937;0,0811429224;61101610000000
POW;36700;1405;powiat grodziski;;13409;26.09.2012;2.01.1;26.09.2012;2.01.1;;;NZN;NZN;13879;0;829122;PL.PZGIK.200;5c1e181f-3b0f-46f6-8c94-8610f98e8e1b;2012-09-27T08:13:53+02:00;EGIB;1405;;;UZG;0;829122;0;;0;0;1,9234814898;0,0481136022;01326910800000
POW;139425;0611;powiat łukowski;;13411;26.09.2012;2.01.1;26.09.2012;2.01.1;;;NZN;NZN;13874;0;828996;PL.PZGIK.200;c1f55cb1-4a37-4203-9b80-f8888fa9da3f;2012-09-27T07:39:43+02:00;EGIB;0611;;;UZG;0;828996;0;;0;0;3,1053572349;0,181950863;71158182500000
POW;32685;1261;powiat Kraków;;13412;11.07.2013;2.01.1;26.09.2012;2.01.1;;;NZN;NZN;0;14970;829030;PL.PZGIK.200;c4087889-e1af-41db-9c86-f73223dfb8b5;2013-07-11T08:30:38+02:00;EGIB;1261;;;UZG;0;829030;0;;0;0;1,4765565905;0,041030513;35155441300000
POW;85519;1020;powiat zgierski;;13413;26.09.2012;2.01.1;26.09.2012;2.01.1;;;NZN;NZN;13876;0;829053;PL.PZGIK.200;31467083-0a0e-4309-9145-af361b2de888;2012-09-27T07:55:30+02:00;EGIB;1020;;;UZG;0;829053;0;;0;0;2,6116991594;0,1117258135;47205766100000
POW;45184;1810;powiat łańcucki;;13415;26.09.2012;2.01.1;26.09.2012;2.01.1;;;NZN;NZN;13878;0;829079;PL.PZGIK.200;5533017c-cd50-4576-804b-b958e833c6ee;2012-09-27T08:01:01+02:00;EGIB;1810;;;UZG;0;829079;0;;0;0;1,8212327896;0,0567673731;69058137600000
POW;77281;3018;powiat ostrzeszowski;;13417;26.09.2012;2.01.1;26.09.2012;2.01.1;;;NZN;NZN;13881;0;829156;PL.PZGIK.200;79a80ae4-6ccf-4435-bf14-8a92a75a3fe4;2012-09-27T08:59:03+02:00;EGIB;3018;;;UZG;0;829156;0;;0;0;2,4685635147;0,099920149;25085477700000
POW;11180;1463;powiat Radom;;13409;26.09.2012;2.01.1;26.09.2012;2.01.1;;;NZN;NZN;13879;0;829134;PL.PZGIK.200;50972166-aed4-4508-adc3-a716723228d1;2012-09-27T08:13:53+02:00;EGIB;1463;;;UZG;0;829134;0;;0;0;0,7816626731;0,0144410755;67022311000000
POW;53254;1438;powiat żyrardowski;;13409;26.09.2012;2.01.1;26.09.2012;2.01.1;;;NZN;NZN;13879;0;829131;PL.PZGIK.200;156d6311-1a28-4eb7-b7f2-d8ead03a26ac;2012-09-27T08:13:53+02:00;EGIB;1438;;;UZG;0;829131;0;;0;0;2,0736477094;0,0696939203;75014782800000
POW;71104;3016;powiat obornicki;;13417;26.09.2012;2.01.1;26.09.2012;2.01.1;;;NZN;NZN;13881;0;829154;PL.PZGIK.200;fc6420ba-6333-4fef-af46-cbe613e81444;2012-09-27T08:59:03+02:00;EGIB;3016;;;UZG;0;829154;0;;0;0;2,5768887023;0,0945400749;63125801700000
POW;3186;1464;powiat Siedlce;;13409;26.09.2012;2.01.1;26.09.2012;2.01.1;;;NZN;NZN;13879;0;829135;PL.PZGIK.200;334357f9-a2dc-406e-8c17-b3f02e1ba3b9;2012-09-27T08:13:53+02:00;EGIB;1464;;;UZG;0;829135;0;;0;0;0,4387596924;0,0041844734;71158165300000
POW;3186;3063;powiat Leszno;;13417;26.09.2012;2.01.1;26.09.2012;2.01.1;;;NZN;NZN;13881;0;829172;PL.PZGIK.200;5428dbc9-d8cd-4c70-8562-a67ce2f3e5d8;2012-09-27T08:59:03+02:00;EGIB;3063;;;UZG;0;829172;0;;0;0;0,3944527128;0,0041543522;41105044500000
POW;101069;3009;powiat kolski;;13417;26.09.2012;2.01.1;26.09.2012;2.01.1;;;NZN;NZN;13881;0;829180;PL.PZGIK.200;06a4a975-dc89-4ac3-9d51-cf188532908a;2012-09-27T08:59:03+02:00;EGIB;3009;;;UZG;0;829180;0;;0;0;2,6051082197;0,1329603074;31162083900000
POW;3267;2062;powiat Łomża;;13418;26.09.2012;2.01.1;26.09.2012;2.01.1;;;NZN;NZN;13882;0;829200;PL.PZGIK.200;25b14db9-6719-43ec-a858-a14cb7f7f1eb;2012-09-27T09:26:09+02:00;EGIB;2062;;;UZG;0;829200;0;;0;0;0,4002813395;0,0043897735;45066992100000
POW;83799;3023;powiat słupecki;;13417;26.09.2012;2.01.1;26.09.2012;2.01.1;;;NZN;NZN;13881;0;829162;PL.PZGIK.200;bc05adcf-3a4b-4281-8e7c-f9b2321fa1ed;2012-09-27T08:59:03+02:00;EGIB;3023;;;UZG;0;829162;0;;0;0;2,4879449907;0,1104162168;31101901300000
POW;116553;2206;powiat kościerski;;13420;26.09.2012;2.01.1;26.09.2012;2.01.1;;;NZN;NZN;13884;0;829222;PL.PZGIK.200;5abcd674-cb07-4f48-bd7c-d098c05ecd6d;2012-09-27T09:33:51+02:00;EGIB;2206;;;UZG;0;829222;0;;0;0;2,9269898266;0,1598664254;19167511000000
POW;90638;2613;powiat włoszczowski;;13419;26.09.2012;2.01.1;26.09.2012;2.01.1;;;NZN;NZN;13883;0;829213;PL.PZGIK.200;5843830c-815a-4041-b7f8-df201b35fd79;2012-09-27T09:32:07+02:00;EGIB;2613;;;UZG;0;829213;0;;0;0;2,8811568606;0,1156404595;29100940300000
POW;111952;2806;powiat giżycki;;13422;26.09.2012;2.01.1;26.09.2012;2.01.1;;;NZN;NZN;13886;0;829273;PL.PZGIK.200;82f6f81b-69b4-4dce-a00b-b43c614e3366;2012-09-27T10:00:59+02:00;EGIB;2806;;;UZG;0;829273;0;;0;0;2,7889793556;0,1533766087;79067116500000
POW;106467;2810;powiat mrągowski;;13422;26.09.2012;2.01.1;26.09.2012;2.01.1;;;NZN;NZN;13886;0;829277;PL.PZGIK.200;6c84dd73-1b20-4e96-a5f5-fce0c02ce651;2012-09-27T10:00:59+02:00;EGIB;2810;;;UZG;0;829277;0;;0;0;2,769485471;0,1452239587;51074251100000
POW;103990;0402;powiat brodnicki;;13424;26.09.2012;2.01.1;26.09.2012;2.01.1;;;NZN;NZN;13889;0;829343;PL.PZGIK.200;69fd25f0-9327-464d-a1f1-e75814c3c886;2012-09-27T07:38:30+02:00;EGIB;0402;;;UZG;0;829343;0;;0;0;2,9954982604;0,1400252553;87111836500000
POW;11572;0463;powiat Toruń;;13424;26.09.2012;2.01.1;26.09.2012;2.01.1;;;NZN;NZN;13889;0;829362;PL.PZGIK.200;ddc737c7-e09f-4eb1-ab92-bfbbe9ebb3de;2012-09-27T07:38:30+02:00;EGIB;0463;;;UZG;0;829362;0;;0;0;0,9032338898;0,0154961921;87111885600000
POW;62271;3025;powiat średzki;;13417;5.11.2018;2.01.1;26.09.2012;2.01.1;;;NZN;NZN;95597;0;829163;PL.PZGIK.200;7deef161-a961-4586-bc10-8b4861c9f7f6;2018-11-05T09:10:17+01:00;EGIB;3025;;;UZG;0;1350693;0;;0;0;2,1151420204;0,081810432;63125795700000
POW;58848;3006;powiat jarociński;;13417;5.11.2018;2.01.1;26.09.2012;2.01.1;;;NZN;NZN;95597;0;829177;PL.PZGIK.200;384127c3-0f18-4323-8a7c-a824f4bfb32d;2018-11-05T09:10:17+01:00;EGIB;3006;;;UZG;0;1350694;0;;0;0;1,900358127;0,0769954395;25085459900000
POW;49221;1008;powiat pabianicki;;13413;19.03.2019;2.01.1;26.09.2012;2.01.1;;;NZN;NZN;111294;0;829041;PL.PZGIK.200;a7194567-323b-402d-b176-902fcdbfc220;2019-03-19T15:02:13+01:00;EGIB;1008;;;UZG;0;1353464;0;;0;0;2,1804806642;0,0639483616;47205765500000
POW;14903;1661;powiat Opole;;13416;21.03.2019;2.01.1;1.01.2017;2.01.1;;;NZN;NZN;112207;0;829147;PL.PZGIK.200;f9799d11-3cc7-4052-a147-fe36809d2d68;2019-03-21T09:00:40+01:00;EGIB;1661;;;UZG;0;1353668;0;;0;0;1,2091895575;0,0189541392;53141266800000
POW;67588;2609;powiat sandomierski;;13419;12.08.2020;2.01.1;26.09.2012;2.01.1;;;NZN;NZN;180691;0;829209;PL.PZGIK.200;1846e6d9-3e9c-4328-a203-d6d4ccd61aa2;2020-08-12T11:02:04+02:00;EGIB;2609;;;UZG;0;1359055;0;;0;0;2,0052888465;0,085970944;83040923500000
POW;99195;1807;powiat krośnieński;;13415;28.01.2021;2.01.1;1.01.2017;2.01.1;;;NZN;BRK;201859;0;1331302;PL.PZGIK.200;798ef296-2055-4890-993f-d414c67164ab;2021-01-28T13:43:40+01:00;EGIB;1807;;;UZG;0;1359583;0;;0;0;3,1120533735;0,1233262656;37044051900000
POW;141301;2804;powiat elbląski;;13422;14.05.2021;2.01.1;26.09.2012;2.01.1;;;NZN;NZN;218263;0;829271;PL.PZGIK.200;61a0d267-58aa-4f3a-86e7-faa281e50ebc;2021-05-14T13:19:46+02:00;EGIB;2804;;;UZG;0;1360107;0;;0;0;4,2521309989;0,1941797563;17074769000000
POW;209355;1415;powiat ostrołęcki;;13409;18.05.2021;2.01.1;26.09.2012;2.01.1;;;NZN;NZN;219096;0;829100;PL.PZGIK.200;d2f96418-0366-4f59-8793-fef1aa0ca19f;2021-05-18T08:56:02+02:00;EGIB;1415;;;UZG;0;1360143;0;;0;0;5,3164100962;0,2812531703;55066883500000
POW;79095;0413;powiat sępoleński;;13424;12.01.2022;2.01.1;26.09.2012;2.01.1;;;NZN;NZN;253504;0;829353;PL.PZGIK.200;09447bc4-a3c3-4d84-83ab-d61a69820974;2022-01-12T10:03:23+01:00;EGIB;0413;;;UZG;0;1362180;0;;0;0;2,0031330001;0,1069016079;09235092600000
POW;126602;3019;powiat pilski;;13417;12.01.2022;2.01.1;26.09.2012;2.01.1;;;NZN;NZN;253504;0;829157;PL.PZGIK.200;196c6cd5-4f8d-4e98-a653-e0a36ccac728;2022-01-12T10:03:23+01:00;EGIB;3019;;;UZG;0;1362184;0;;0;0;4,1713450471;0,1700821643;57079948000000
POW;72240;3011;powiat kościański;;13417;1.02.2022;2.01.1;26.09.2012;2.01.1;;;NZN;NZN;254440;0;829182;PL.PZGIK.200;e1a22799-6f8a-4895-a68d-80d8609442be;2022-02-01T15:18:49+01:00;EGIB;3011;;;UZG;0;1362984;0;;0;0;2,0328270017;0,0946387613;41105049700000
POW;189992;3021;powiat poznański;;13417;1.02.2022;2.01.1;26.09.2012;2.01.1;;;NZN;NZN;254440;0;829159;PL.PZGIK.200;f5c4ac99-7db7-4d8d-a453-e88e9942fbad;2022-02-01T15:18:49+01:00;EGIB;3021;;;UZG;0;1362985;0;;0;0;5,4258418444;0,2508135678;63125799200000
POW;101673;0408;powiat lipnowski;;13424;24.02.2022;2.01.1;26.09.2012;2.01.1;;;NZN;NZN;256567;0;829348;PL.PZGIK.200;211161a0-49fe-498c-980e-ef42b94a8129;2022-02-24T11:45:52+01:00;EGIB;0408;;;UZG;0;1363167;0;;0;0;2,900511841;0,1355068606;91086649400000
POW;73481;1428;powiat sochaczewski;;13409;15.04.2022;2.01.1;26.09.2012;2.01.1;;;NZN;NZN;265304;0;829114;PL.PZGIK.200;c3ff7aa2-2052-44ec-aa0d-8b78c0c49e44;2022-04-15T08:27:30+02:00;EGIB;1428;;;UZG;0;1363664;0;;0;0;2,3161831154;0,0967320477;75014780500000
POW;53379;1432;powiat warszawski zachodni;;13409;15.04.2022;2.01.1;26.09.2012;2.01.1;;;NZN;NZN;265304;0;829116;PL.PZGIK.200;22810a72-1b4e-46b7-b9f8-bfdc66e42f22;2022-04-15T08:27:30+02:00;EGIB;1432;;;UZG;0;1363665;0;;0;0;2,27064806;0,0702649274;01327199600000
POW;127018;0604;powiat hrubieszowski;;13411;8.06.2022;2.01.1;26.09.2012;2.01.1;;;NZN;NZN;273402;0;828989;PL.PZGIK.200;17cf384c-2779-403c-bb14-ed710f1ff02a;2022-06-08T07:32:46+02:00;EGIB;0604;;;UZG;0;1364354;0;;0;0;3,5537275877;0,1617500854;95036886500000
POW;22362;2412;powiat rybnicki;;13421;25.08.2022;2.01.1;26.09.2012;2.01.1;;;NZN;NZN;286937;0;829243;PL.PZGIK.200;9c39e4bb-4685-437f-901b-96f664bc5c57;2022-08-25T13:29:51+02:00;EGIB;2412;;;UZG;0;1365286;0;;0;0;2,0258240923;0,0281064843;27625514000000
POW;68300;2261;powiat Gdańsk;;13420;5.09.2022;2.01.1;26.09.2012;2.01.1;;;NZN;NZN;289725;0;829232;PL.PZGIK.200;8cf8521f-bd14-4b8b-85f4-bcb444263e72;2022-09-05T10:28:26+02:00;EGIB;2261;;;UZG;0;1365469;0;;0;0;2,0028042045;0,0945157017;19167557000000
POW;138991;0802;powiat krośnieński;;13414;13.10.2022;2.01.1;26.09.2012;2.01.1;;;NZN;NZN;298589;0;829061;PL.PZGIK.200;998463ac-fc60-4918-8b84-d52ff85b643e;2022-10-13T15:12:08+02:00;EGIB;0802;;;UZG;0;1365777;0;;0;0;2,8900719766;0,181978216;37044051900000
POW;167958;0609;powiat lubelski;;13411;25.10.2022;2.01.1;26.09.2012;2.01.1;;;NZN;NZN;300307;0;828994;PL.PZGIK.200;11b56e2e-4386-43bd-813c-e616089d2e3c;2022-10-25T13:22:22+02:00;EGIB;0609;;;UZG;0;1365859;0;;0;0;4,8885409872;0,215704048;43101950800000
POW;186909;3206;powiat gryfiński;;13423;26.10.2022;2.01.1;26.09.2012;2.01.1;;;NZN;NZN;300431;0;829298;PL.PZGIK.200;17d1a859-cb58-476e-9baa-f2cb36688e05;2022-10-26T12:41:47+02:00;EGIB;3206;;;UZG;0;1365888;0;;0;0;3,5889205436;0,2502909937;81168396500000
POW;128744;2215;powiat wejherowski;;13420;10.11.2022;2.01.1;26.09.2012;2.01.1;;;NZN;NZN;303501;0;829230;PL.PZGIK.200;c2d26b98-7beb-464c-b95a-f466e058aa4f;2022-11-10T09:40:10+01:00;EGIB;2215;;;UZG;0;1365988;0;;0;0;3,0012977046;0,1789274079;19167514900000
POW;168101;0602;powiat biłgorajski;;13411;5.12.2022;2.01.1;26.09.2012;2.01.1;;;NZN;NZN;310002;0;828987;PL.PZGIK.200;ce4accdf-9d05-4b6d-be68-f383bc4cf93a;2022-12-05T14:03:23+01:00;EGIB;0602;;;UZG;0;1366354;0;;0;0;4,8971424581;0,2130401752;95036901400000
POW;115642;1817;powiat sanocki;;13415;6.12.2022;2.01.1;1.01.2017;2.01.1;;;NZN;BRK;311046;0;1331301;PL.PZGIK.200;00d02105-cbd3-45ef-837b-ea0fa86bf60c;2022-12-06T10:25:37+01:00;EGIB;1817;;;UZG;0;1366359;0;;0;0;2,4270906995;0,143426472;37044070300000
POW;154990;1210;powiat nowosądecki;;13412;6.12.2022;2.01.1;26.09.2012;2.01.1;;;NZN;BRK;311047;0;1331311;PL.PZGIK.200;27013993-b504-487f-aca8-9f17768d81b4;2022-12-06T10:43:09+01:00;EGIB;1210;;;UZG;0;1366374;0;;0;0;3,712101851;0,1925942264;49189318000000
POW;2551;2474;powiat Siemianowice Śląskie;;13421;28.03.2023;2.01.1;26.09.2012;2.01.1;;;NZN;NZN;326039;0;829262;PL.PZGIK.200;e37b71a8-f9bb-4c8b-9d27-a642715c638e;2023-03-28T07:31:18+02:00;EGIB;2474;;;UZG;0;1367628;0;;0;0;0,3262195795;0,0032199572;brak
POW;8534;2467;powiat Jastrzębie-Zdrój;;13421;13.06.2023;2.01.1;26.09.2012;2.01.1;;;NZN;BRK;335487;0;1331290;PL.PZGIK.200;e061ae2d-f772-4190-82fc-9b09071f70bd;2023-06-13T11:53:23+02:00;EGIB;2467;;;UZG;0;1368241;0;;0;0;0,7681603389;0,0106913583;27625535800000
POW;164622;3209;powiat koszaliński;;13423;20.09.2023;2.01.1;26.09.2012;2.01.1;;;NZN;NZN;345614;0;829300;PL.PZGIK.200;652f6c52-e721-4c44-818a-94061386603b;2023-09-20T14:22:21+02:00;EGIB;3209;;;UZG;0;1368979;0;;0;0;5,0480507327;0,2264690916;33092085400000
POW;47163;1217;powiat tatrzański;;13412;14.11.2023;2.01.1;26.09.2012;2.01.1;;;NZN;BRK;349776;0;1331308;PL.PZGIK.200;c0a73975-a7cb-4cb2-88bb-a722b2210347;2023-11-14T15:13:56+01:00;EGIB;1217;;;UZG;0;1369519;0;;0;0;1,5353227264;0,0583029697;49189312100000
POW;4617;1862;powiat Przemyśl;;13415;26.09.2012;2.01.1;26.09.2012;2.01.1;;;NZN;NZN;13878;0;829093;PL.PZGIK.200;f4da5f0e-4820-4fc4-8733-89ea3e995ffc;2012-09-27T08:01:01+02:00;EGIB;1862;;;UZG;0;829093;0;;0;0;0,5143704253;0,0057632906;65090034100000
POW;125643;0619;powiat włodawski;;13411;26.09.2012;2.01.1;26.09.2012;2.01.1;;;NZN;NZN;13874;0;829005;PL.PZGIK.200;57ba36b7-aafd-4dce-92ad-903375b14f38;2012-09-27T07:39:43+02:00;EGIB;0619;;;UZG;0;829005;0;;0;0;3,2087068275;0,1626159656;11019819000000
POW;7237;1263;powiat Tarnów;;13412;26.09.2012;2.01.1;26.09.2012;2.01.1;;;NZN;NZN;13875;0;829028;PL.PZGIK.200;445d2b9f-72f1-48e9-8bde-cf1bd8cbfa80;2012-09-27T07:52:01+02:00;EGIB;1263;;;UZG;0;829028;0;;0;0;0,5645330722;0,0090797928;85166052000000
POW;62433;0812;powiat wschowski;;13414;26.09.2012;2.01.1;26.09.2012;2.01.1;;;NZN;NZN;13877;0;829057;PL.PZGIK.200;e26f8239-1c9d-43ae-bcb0-f7d73422446c;2012-09-27T08:00:40+02:00;EGIB;0812;;;UZG;0;829057;0;;0;0;2,3113111562;0,0813970926;97794584700000
POW;138758;0803;powiat międzyrzecki;;13414;26.09.2012;2.01.1;26.09.2012;2.01.1;;;NZN;NZN;13877;0;829062;PL.PZGIK.200;d45506aa-6d98-45b8-b9ed-9f4b6c34bca6;2012-09-27T08:00:40+02:00;EGIB;0803;;;UZG;0;829062;0;;0;0;2,8384282042;0,183659272;21096737200000
POW;101162;3015;powiat nowotomyski;;13417;26.09.2012;2.01.1;26.09.2012;2.01.1;;;NZN;NZN;13881;0;829153;PL.PZGIK.200;506e235c-2b59-4e2a-ab82-bf295e7449f5;2012-09-27T08:59:03+02:00;EGIB;3015;;;UZG;0;829153;0;;0;0;2,6960540209;0,1334311118;63125803000000
POW;103967;3028;powiat wągrowiecki;;13417;26.09.2012;2.01.1;26.09.2012;2.01.1;;;NZN;NZN;13881;0;829166;PL.PZGIK.200;1f95f92e-8779-49c4-94d7-d9139d526841;2012-09-27T08:59:03+02:00;EGIB;3028;;;UZG;0;829166;0;;0;0;2,8477795174;0,1385555664;57079949600000
POW;138506;2003;powiat bielski;;13418;26.09.2012;2.01.1;26.09.2012;2.01.1;;;NZN;NZN;13882;0;829186;PL.PZGIK.200;409d7d55-3ec7-48fc-b67f-dc58de8f4566;2012-09-27T09:26:09+02:00;EGIB;2003;;;UZG;0;829186;0;;0;0;2,8334545664;0,1843187466;05065857400000
POW;61671;2607;powiat ostrowiecki;;13419;26.09.2012;2.01.1;26.09.2012;2.01.1;;;NZN;NZN;13883;0;829207;PL.PZGIK.200;ed6f3a39-6e8b-469b-af2c-d6048d894480;2012-09-27T09:32:07+02:00;EGIB;2607;;;UZG;0;829207;0;;0;0;2,1746419503;0,0788731919;29100944900000
POW;39541;2610;powiat skarżyski;;13419;26.09.2012;2.01.1;26.09.2012;2.01.1;;;NZN;NZN;13883;0;829210;PL.PZGIK.200;2e081013-33e6-408d-be60-cb22c1564176;2012-09-27T09:32:07+02:00;EGIB;2610;;;UZG;0;829210;0;;0;0;1,6540956361;0,0507176433;29100941000000
POW;7982;2861;powiat Elbląg;;13422;26.09.2012;2.01.1;26.09.2012;2.01.1;;;NZN;NZN;13886;0;829287;PL.PZGIK.200;7a30b48f-743c-4d8c-8305-a749888364ad;2012-09-27T10:00:59+02:00;EGIB;2861;;;UZG;0;829287;0;;0;0;0,8283424797;0,0109853011;17074771500000
POW;57587;0226;powiat złotoryjski;;13410;26.09.2012;2.01.1;26.09.2012;2.01.1;;;NZN;NZN;13888;0;829314;PL.PZGIK.200;07f182b1-9146-43e5-a62d-836c211f9ff1;2012-09-27T07:36:28+02:00;EGIB;0226;;;UZG;0;829314;0;;0;0;1,8693248262;0,0739045726;39064724500000
POW;111790;0223;powiat wrocławski;;13410;26.09.2012;2.01.1;26.09.2012;2.01.1;;;NZN;NZN;13888;0;829339;PL.PZGIK.200;3c84e4e6-19b3-4595-b27a-f6bc2afc1c5f;2012-09-27T07:36:28+02:00;EGIB;0223;;;UZG;0;829339;0;;0;0;3,8164960121;0,1432099766;93193481600000
POW;71162;0211;powiat lubiński;;13410;26.09.2012;2.01.1;26.09.2012;2.01.1;;;NZN;NZN;13888;0;829327;PL.PZGIK.200;2f4596d4-19cd-472a-9915-ac7b52a66a3c;2012-09-27T07:36:28+02:00;EGIB;0211;;;UZG;0;829327;0;;0;0;2,0043610195;0,0919529625;39064722200000
POW;60722;0411;powiat radziejowski;;13424;26.09.2012;2.01.1;26.09.2012;2.01.1;;;NZN;NZN;13889;0;829350;PL.PZGIK.200;c62d2555-0688-4c52-b4b0-fbc35c206b5b;2012-09-27T07:38:30+02:00;EGIB;0411;;;UZG;0;829350;0;;0;0;1,7089453851;0,0805076574;91086660800000
POW;83086;1805;powiat jasielski;;13415;10.10.2017;2.01.1;26.09.2012;2.01.1;;;NZN;BRK;13878;0;1331303;PL.PZGIK.200;44c38c19-27ce-4c07-9a4b-b77eaa3b9791;2017-10-10T00:00:00+02:00;EGIB;1805;;;UZG;0;1331303;0;;0;0;2,5040471637;0,1034475589;37044025800000
POW;3460;1063;powiat Skierniewice;;13413;26.09.2018;2.01.1;26.09.2012;2.01.1;;;NZN;NZN;90378;0;829033;PL.PZGIK.200;48034fb4-5c88-4b7f-a49d-ed854560fa32;2018-09-26T11:33:51+02:00;EGIB;1063;;;UZG;0;1348303;0;;0;0;0,5279143653;0,0045240755;75014779700000
POW;29325;1061;powiat Łódź;;13413;19.03.2019;2.01.1;26.09.2012;2.01.1;;;NZN;NZN;111294;0;829055;PL.PZGIK.200;8932840a-b794-46f9-bf36-ca7833af84cb;2019-03-19T15:02:13+01:00;EGIB;1061;;;UZG;0;1353465;0;;0;0;1,2575123557;0,0381788954;47205763200000
POW;142832;1010;powiat piotrkowski;;13413;19.03.2019;2.01.1;26.09.2012;2.01.1;;;NZN;NZN;111295;0;829043;PL.PZGIK.200;fda82e3a-7582-4d49-b224-eb5abbdab324;2019-03-19T16:23:17+01:00;EGIB;1010;;;UZG;0;1353490;0;;0;0;4,2355072992;0,1842983758;59064841600000
POW;134555;2213;powiat starogardzki;;13420;21.03.2019;2.01.1;26.09.2012;2.01.1;;;NZN;NZN;112216;0;829228;PL.PZGIK.200;caee2f73-5e2b-42b5-8bd9-9f3741b460d5;2019-03-21T12:35:18+01:00;EGIB;2213;;;UZG;0;1353744;0;;0;0;3,6574759442;0,1838175213;19167560000000
POW;8230;3062;powiat Konin;;13417;22.03.2019;2.01.1;26.09.2012;2.01.1;;;NZN;NZN;112304;0;829171;PL.PZGIK.200;e6251736-02a5-4ed4-b86a-8e6f106d9384;2019-03-22T09:00:40+01:00;EGIB;3062;;;UZG;0;1353867;0;;0;0;0,9072089052;0,0108306544;31101903600000
POW;26191;3064;powiat Poznań;;13417;3.09.2020;2.01.1;26.09.2012;2.01.1;;;NZN;NZN;183431;0;829173;PL.PZGIK.200;47f828a2-55c1-4fc4-9a24-e08f45066464;2020-09-03T09:44:29+02:00;EGIB;3064;;;UZG;0;1359121;0;;0;0;1,4482551741;0,0345861338;63125782200000
POW;12901;1863;powiat Rzeszów;;13415;4.01.2021;2.01.1;26.09.2012;2.01.1;;;NZN;NZN;200774;0;829092;PL.PZGIK.200;339c0b81-56bf-4cc2-a84b-b9888352e042;2021-01-04T11:56:29+01:00;EGIB;1863;;;UZG;0;1359259;0;;0;0;0,9101690807;0,0161847206;69058141300000
POW;74424;1611;powiat strzelecki;;13416;14.05.2021;2.01.1;26.09.2012;2.01.1;;;NZN;NZN;218258;0;829146;PL.PZGIK.200;2cb9f766-42de-4147-8a13-eb46789dca16;2021-05-14T08:42:52+02:00;EGIB;1611;;;UZG;0;1360089;0;;0;0;2,21510702;0,0943749726;53141265100000
POW;52701;0404;powiat chełmiński;;13424;18.05.2021;2.01.1;26.09.2012;2.01.1;;;NZN;NZN;219096;0;829364;PL.PZGIK.200;a6773a99-a577-451d-9e24-a4b3e47ecf57;2021-05-18T08:56:02+02:00;EGIB;0404;;;UZG;0;1360164;0;;0;0;1,5965330416;0,0710252088;87111847700000
POW;104016;1007;powiat opoczyński;;13413;11.06.2021;2.01.1;26.09.2012;2.01.1;;;NZN;NZN;222127;0;829040;PL.PZGIK.200;373f5367-d40b-43f7-bdfa-8cb2463eda8c;2021-06-11T09:08:56+02:00;EGIB;1007;;;UZG;0;1360535;0;;0;0;2,8614089837;0,1342913143;59064843900000
POW;141512;3217;powiat wałecki;;13423;18.10.2021;2.01.1;26.09.2012;2.01.1;;;NZN;NZN;241916;0;829308;PL.PZGIK.200;70c52407-979d-44b2-aa7b-90fe83cb3a71;2021-10-18T09:36:07+02:00;EGIB;3217;;;UZG;0;1361304;0;;0;0;3,2543221569;0,1904375078;57079953300000
POW;59063;1202;powiat brzeski;;13412;25.11.2021;2.01.1;26.09.2012;2.01.1;;;NZN;NZN;247185;0;829010;PL.PZGIK.200;8d0b0a85-17f0-4358-98a4-d312d6212b93;2021-11-25T22:16:44+01:00;EGIB;1202;;;UZG;0;1361531;0;;0;0;2,2743577411;0,0740404164;53141244400000
POW;166056;3031;powiat złotowski;;13417;12.01.2022;2.01.1;26.09.2012;2.01.1;;;NZN;NZN;253504;0;829169;PL.PZGIK.200;16fa8cbd-c6d4-4b37-a629-c20bdc3e2249;2022-01-12T10:03:23+01:00;EGIB;3031;;;UZG;0;1362179;0;;0;0;3,3099180507;0,2243707623;57079952700000
POW;57411;3026;powiat śremski;;13417;1.02.2022;2.01.1;26.09.2012;2.01.1;;;NZN;NZN;254440;0;829164;PL.PZGIK.200;2fc58bb6-d095-4f37-8f10-874797cb97fb;2022-02-01T15:18:49+01:00;EGIB;3026;;;UZG;0;1362983;0;;0;0;1,9484736909;0,0752439436;63125792800000
POW;47142;2410;powiat pszczyński;;13421;9.02.2022;2.01.1;26.09.2012;2.01.1;;;NZN;NZN;255915;0;829241;PL.PZGIK.200;d9c414e5-ae38-4073-83e4-9e3cfb5add82;2022-02-09T15:18:45+01:00;EGIB;2410;;;UZG;0;1363070;0;;0;0;2,3486843483;0,0591026104;27625507400000
POW;122075;1433;powiat węgrowski;;13409;10.02.2022;2.01.1;26.09.2012;2.01.1;;;NZN;NZN;255938;0;829117;PL.PZGIK.200;3c84a30f-d8cd-484b-8a8a-8e62b27affae;2022-02-10T13:42:25+01:00;EGIB;1433;;;UZG;0;1363092;0;;0;0;3,1087034906;0,1613966306;71158183100000
POW;117794;0807;powiat sulęciński;;13414;11.03.2022;2.01.1;26.09.2012;2.01.1;;;NZN;NZN;259704;0;829066;PL.PZGIK.200;db31f1f6-af26-44aa-b862-f6d79dd7324f;2022-03-11T11:47:13+01:00;EGIB;0807;;;UZG;0;1363289;0;;0;0;3,3806840189;0,1556848702;21096738900000
POW;121865;1422;powiat przasnyski;;13409;14.03.2022;2.01.1;26.09.2012;2.01.1;;;NZN;NZN;260265;0;829107;PL.PZGIK.200;b73c395c-6412-4a25-8ab4-e4a143fc23fa;2022-03-14T22:55:44+01:00;EGIB;1422;;;UZG;0;1363348;0;;0;0;3,1535225349;0,1636285216;55066881200000
POW;176551;3215;powiat szczecinecki;;13423;25.04.2022;2.01.1;26.09.2012;2.01.1;;;NZN;NZN;266261;0;829306;PL.PZGIK.200;fc0bca5a-2158-46aa-8904-d8583c5ac4ef;2022-04-25T14:36:13+02:00;EGIB;3215;;;UZG;0;1363740;0;;0;0;3,5183861219;0,2403732868;33092087700000
POW;152974;1425;powiat radomski;;13409;28.04.2022;2.01.1;26.09.2012;2.01.1;;;NZN;NZN;266768;0;829110;PL.PZGIK.200;3bed0908-7bc7-4981-89d9-c3a9075e317c;2022-04-28T08:59:38+02:00;EGIB;1425;;;UZG;0;1363794;0;;0;0;4,427202142;0,1974630732;67022311000000
POW;45158;1430;powiat szydłowiecki;;13409;28.04.2022;2.01.1;26.09.2012;2.01.1;;;NZN;NZN;266768;0;829115;PL.PZGIK.200;6f683b5e-f4c8-4c54-a428-c4260b5bc947;2022-04-28T08:59:38+02:00;EGIB;1430;;;UZG;0;1363798;0;;0;0;1,8049777284;0,0581306281;67022321500000
POW;120419;2802;powiat braniewski;;13422;2.06.2022;2.01.1;26.09.2012;2.01.1;;;NZN;NZN;272851;0;829290;PL.PZGIK.200;c30a8930-5d33-4129-9d64-f227367db167;2022-06-02T11:55:08+02:00;EGIB;2802;;;UZG;0;1364286;0;;0;0;3,0895270335;0,1661708553;17074767800000
POW;130748;2801;powiat bartoszycki;;13422;2.06.2022;2.01.1;26.09.2012;2.01.1;;;NZN;NZN;272851;0;829289;PL.PZGIK.200;171c7527-7107-4f75-838e-ca9a158c9814;2022-06-02T11:55:08+02:00;EGIB;2801;;;UZG;0;1364290;0;;0;0;3,2450389689;0,1801985485;51074243900000
POW;165937;2001;powiat augustowski;;13418;12.07.2022;2.01.1;26.09.2012;2.01.1;;;NZN;BRK;279780;0;1331299;PL.PZGIK.200;46c53311-3b2d-4273-87c6-92817f4b877e;2022-07-12T12:47:42+02:00;EGIB;2001;;;UZG;0;1364842;0;;0;0;3,7208681595;0,226344935;79067090600000
POW;70969;0212;powiat lwówecki;;13410;9.08.2022;2.01.1;26.09.2012;2.01.1;;;NZN;BRK;284418;0;1331317;PL.PZGIK.200;6ea4132e-7a30-4765-b2aa-8bd493dc2375;2022-08-09T12:20:40+02:00;EGIB;0212;;;UZG;0;1365094;0;;0;0;2,3243824622;0,0909259242;23082160600000
POW;51720;1465;powiat Warszawa;;13409;14.09.2022;2.01.1;26.09.2012;2.01.1;;;NZN;NZN;290767;0;829136;PL.PZGIK.200;80c44970-8230-4846-a7b6-d6ea1901f7af;2022-09-14T07:45:38+02:00;EGIB;1465;;;UZG;0;1365630;0;;0;0;1,6107720387;0,0680274682;brak
POW;66446;3211;powiat policki;;13423;11.10.2022;2.01.1;26.09.2012;2.01.1;;;NZN;NZN;297635;0;829302;PL.PZGIK.200;c37bd998-ab49-436d-8b00-f783df29346e;2022-10-11T16:02:55+02:00;EGIB;3211;;;UZG;0;1365752;0;;0;0;2,1466275492;0,0901075926;81168420300000
POW;113915;1801;powiat bieszczadzki;;13415;22.11.2022;2.01.1;26.09.2012;2.01.1;;;NZN;BRK;307327;0;1331304;PL.PZGIK.200;264b1811-d015-4e4b-9a9b-959721422bb2;2022-11-22T12:15:07+01:00;EGIB;1801;;;UZG;0;1366299;0;;0;0;3,01869699;0,1408817791;37043995300000
POW;132763;3202;powiat choszczeński;;13423;1.02.2023;2.01.1;26.09.2012;2.01.1;;;NZN;NZN;317920;0;829293;PL.PZGIK.200;32d43ea6-09e7-4118-b8a8-dbab953ee72a;2023-02-01T10:25:21+01:00;EGIB;3202;;;UZG;0;1367309;0;;0;0;3,3928978667;0,1782593227;21096733700000
POW;80163;0224;powiat ząbkowicki;;13410;20.04.2023;2.01.1;26.09.2012;2.01.1;;;NZN;BRK;329781;0;1331315;PL.PZGIK.200;b08323b4-b45c-4684-a854-f4e5f6822957;2023-04-20T11:03:49+02:00;EGIB;0224;;;UZG;0;1367748;0;;0;0;2,0366794407;0,1017041439;89071840300000
POW;36430;2401;powiat będziński;;13421;23.05.2023;2.01.1;26.09.2012;2.01.1;;;NZN;NZN;333905;0;829268;PL.PZGIK.200;3078fc9c-2cea-4585-b5af-ec191fa783e2;2023-05-23T09:10:27+02:00;EGIB;2401;;;UZG;0;1368001;0;;0;0;2,0275965088;0,0460700696;27625494000000
POW;28681;2415;powiat wodzisławski;;13421;12.06.2023;2.01.1;26.09.2012;2.01.1;;;NZN;BRK;335403;0;1331292;PL.PZGIK.200;45733634-43de-469a-8481-a533d0560b32;2023-06-12T11:31:53+02:00;EGIB;2415;;;UZG;0;1368202;0;;0;0;1,225718602;0,0359651385;27625523000000
POW;77075;0804;powiat nowosolski;;13414;23.06.2023;2.01.1;26.09.2012;2.01.1;;;NZN;NZN;335801;0;829063;PL.PZGIK.200;c93a5582-95a3-42e2-8579-a78f08bea07f;2023-06-23T11:53:31+02:00;EGIB;0804;;;UZG;0;1368403;0;;0;0;2,8910358983;0,1004227969;97077010300000
POW;16473;2469;powiat Katowice;;13421;17.10.2023;2.01.1;26.09.2012;2.01.1;;;NZN;NZN;347935;0;829257;PL.PZGIK.200;170dfb88-3789-4f86-a772-eec91b916aee;2023-10-17T11:19:06+02:00;EGIB;2469;;;UZG;0;1369277;0;;0;0;1,1493819459;0,0207506952;27625538700000
POW;71488;0213;powiat milicki;;13410;31.10.2023;2.01.1;26.09.2012;2.01.1;;;NZN;NZN;348900;0;829330;PL.PZGIK.200;c4120d3e-4c12-4f5f-be92-820c1b233691;2023-10-31T13:17:00+01:00;EGIB;0213;;;UZG;0;1369425;0;;0;0;1,9921426813;0,0925687933;93193467300000
POW;104935;0214;powiat oleśnicki;;13410;7.11.2023;2.01.1;26.09.2012;2.01.1;;;NZN;NZN;349439;0;829331;PL.PZGIK.200;258b68f9-31cb-4f37-bbdf-f1824805a0e4;2023-11-07T05:40:48+01:00;EGIB;0214;;;UZG;0;1369451;0;;0;0;2,582118143;0,1351319858;93193469600000
POW;102479;0220;powiat trzebnicki;;13410;23.11.2023;2.01.1;26.09.2012;2.01.1;;;NZN;NZN;351260;0;829336;PL.PZGIK.200;a38a696f-defb-46a1-8387-a51f0009e992;2023-11-23T10:04:50+01:00;EGIB;0220;;;UZG;0;1369719;0;;0;0;2,5756454518;0,1322819297;93193478500000
POW;8540;1864;powiat Tarnobrzeg;;13415;26.09.2012;2.01.1;26.09.2012;2.01.1;;;NZN;NZN;13878;0;829094;PL.PZGIK.200;87b0548b-6fb1-4749-be14-8d7aa8c35944;2012-09-27T08:01:01+02:00;EGIB;1864;;;UZG;0;829094;0;;0;0;0,5819052849;0,0108400768;83040909200000
POW;137980;1420;powiat płoński;;13409;26.09.2012;2.01.1;26.09.2012;2.01.1;;;NZN;NZN;13879;0;829105;PL.PZGIK.200;a2311e5e-c623-430a-b858-a98931ccd0a8;2012-09-27T08:13:53+02:00;EGIB;1420;;;UZG;0;829105;0;;0;0;3,411828315;0,1831156613;13037771200000
POW;160348;1426;powiat siedlecki;;13409;26.09.2012;2.01.1;26.09.2012;2.01.1;;;NZN;NZN;13879;0;829111;PL.PZGIK.200;60f09523-3b8a-4b99-b112-9f6b6cf3c982;2012-09-27T08:13:53+02:00;EGIB;1426;;;UZG;0;829111;0;;0;0;4,1508656045;0,2106476564;71158165300000
POW;74061;1409;powiat lipski;;13409;26.09.2012;2.01.1;26.09.2012;2.01.1;;;NZN;NZN;13879;0;829127;PL.PZGIK.200;ba9c16c6-9bb2-4493-ac50-c73cd65030ab;2012-09-27T08:13:53+02:00;EGIB;1409;;;UZG;0;829127;0;;0;0;2,1280363959;0,0951526837;67022316100000
POW;63661;0610;powiat łęczyński;;13411;26.09.2012;2.01.1;26.09.2012;2.01.1;;;NZN;NZN;13874;0;828995;PL.PZGIK.200;e9199ffa-00f7-4afe-be97-e4a1c7177ecd;2012-09-27T07:39:43+02:00;EGIB;0610;;;UZG;0;828995;0;;0;0;2,079317531;0,0820621597;43101942500000
POW;81050;0612;powiat opolski;;13411;26.09.2012;2.01.1;26.09.2012;2.01.1;;;NZN;NZN;13874;0;828997;PL.PZGIK.200;542bf176-58d8-41a9-8f62-f3e8a67f129e;2012-09-27T07:39:43+02:00;EGIB;0612;;;UZG;0;828997;0;;0;0;2,2075520011;0,1040947658;43101943100000
POW;61443;0616;powiat rycki;;13411;26.09.2012;2.01.1;26.09.2012;2.01.1;;;NZN;NZN;13874;0;829001;PL.PZGIK.200;24c4b0cc-2329-4b6f-941b-b1a6ed00ff07;2012-09-27T07:39:43+02:00;EGIB;0616;;;UZG;0;829001;0;;0;0;2,2639158592;0,0797863026;43101944800000
POW;57718;1018;powiat wieruszowski;;13413;26.09.2012;2.01.1;26.09.2012;2.01.1;;;NZN;NZN;13876;0;829052;PL.PZGIK.200;e47e8778-e36c-4e29-9b0d-fcf9174d0941;2012-09-27T07:55:30+02:00;EGIB;1018;;;UZG;0;829052;0;;0;0;1,9881733343;0,0743932389;25085483700000
POW;139281;0811;powiat żarski;;13414;26.09.2012;2.01.1;26.09.2012;2.01.1;;;NZN;NZN;13877;0;829056;PL.PZGIK.200;0c93a35a-49e5-4a9d-bf29-f4dbdf6dda06;2012-09-27T08:00:40+02:00;EGIB;0811;;;UZG;0;829056;0;;0;0;3,0642100772;0,1809693471;97077016100000
POW;74798;1606;powiat namysłowski;;13416;26.09.2012;2.01.1;26.09.2012;2.01.1;;;NZN;NZN;13880;0;829141;PL.PZGIK.200;7cbdc34b-4beb-4fc6-8ffa-9ada7810cc65;2012-09-27T08:58:33+02:00;EGIB;1606;;;UZG;0;829141;0;;0;0;2,1426170087;0,0958483821;53141255600000
POW;8804;1462;powiat Płock;;13409;26.09.2012;2.01.1;26.09.2012;2.01.1;;;NZN;NZN;13879;0;829133;PL.PZGIK.200;bc95b07d-a00c-456a-9ff4-93d83ae7a3a6;2012-09-27T08:13:53+02:00;EGIB;1462;;;UZG;0;829133;0;;0;0;0,786013329;0,0116605111;61101603400000
POW;96749;2004;powiat grajewski;;13418;26.09.2012;2.01.1;26.09.2012;2.01.1;;;NZN;NZN;13882;0;829187;PL.PZGIK.200;617d8c92-7cef-423d-bc3c-9753ef5a6aa3;2012-09-27T09:26:09+02:00;EGIB;2004;;;UZG;0;829187;0;;0;0;3,0772320002;0,1311757225;45066970800000
POW;52341;2611;powiat starachowicki;;13419;26.09.2012;2.01.1;26.09.2012;2.01.1;;;NZN;NZN;13883;0;829211;PL.PZGIK.200;07dacb68-acb7-458b-ba52-81a79204b9da;2012-09-27T09:32:07+02:00;EGIB;2611;;;UZG;0;829211;0;;0;0;2,0704672215;0,0670791955;29100939500000
POW;113968;2605;powiat konecki;;13419;26.09.2012;2.01.1;26.09.2012;2.01.1;;;NZN;NZN;13883;0;829205;PL.PZGIK.200;2f19b6ae-b7d4-4596-9934-ca60034d6207;2012-09-27T09:32:07+02:00;EGIB;2605;;;UZG;0;829205;0;;0;0;2,8445826891;0,1463664931;29100938900000
POW;96065;2811;powiat nidzicki;;13422;26.09.2012;2.01.1;26.09.2012;2.01.1;;;NZN;NZN;13886;0;829278;PL.PZGIK.200;89b05bec-1389-4435-9f6c-dcccbabeb228;2012-09-27T10:00:59+02:00;EGIB;2811;;;UZG;0;829278;0;;0;0;2,4233569681;0,129663436;51074250500000
POW;69373;2812;powiat nowomiejski;;13422;26.09.2012;2.01.1;26.09.2012;2.01.1;;;NZN;NZN;13886;0;829279;PL.PZGIK.200;e42c631c-498e-4109-b6f4-a4f6fd2fedea;2012-09-27T10:00:59+02:00;EGIB;2812;;;UZG;0;829279;0;;0;0;2,5158527535;0,0937962813;87111887900000
POW;84546;3201;powiat białogardzki;;13423;26.09.2012;2.01.1;26.09.2012;2.01.1;;;NZN;NZN;13887;0;829292;PL.PZGIK.200;f6f1a1e7-a8df-4d76-8488-8095d935edfe;2012-09-27T10:07:22+02:00;EGIB;3201;;;UZG;0;829292;0;;0;0;2,9162526258;0,1157663316;33092083100000
POW;36982;1203;powiat chrzanowski;;13412;27.09.2018;2.01.1;26.09.2012;2.01.1;;;NZN;NZN;90737;0;829012;PL.PZGIK.200;8eaf0bfb-3bf3-40dd-a6bb-f5afb0a466c6;2018-09-27T14:54:36+02:00;EGIB;1203;;;UZG;0;1348998;0;;0;0;1,6477296148;0,0464822892;27625497900000
POW;64629;1013;powiat rawski;;13413;19.03.2019;2.01.1;26.09.2012;2.01.1;;;NZN;NZN;111296;0;829046;PL.PZGIK.200;4262942f-ca2c-49ff-9745-843c0a71ffb8;2019-03-19T17:13:04+01:00;EGIB;1013;;;UZG;0;1353534;0;;0;0;2,1582436845;0,0841386484;75014777400000
POW;98813;1005;powiat łowicki;;13413;20.03.2019;2.01.1;26.09.2012;2.01.1;;;NZN;NZN;111523;0;829038;PL.PZGIK.200;50a43d83-67db-418a-8efd-b6ca3ec87efe;2019-03-20T13:23:33+01:00;EGIB;1005;;;UZG;0;1353574;0;;0;0;2,3250062754;0,1296343686;75014776800000
POW;75338;1015;powiat skierniewicki;;13413;20.03.2019;2.01.1;26.09.2012;2.01.1;;;NZN;NZN;111523;0;829048;PL.PZGIK.200;c11c4f84-98f2-4af6-8dbc-f0dbd05d7d4a;2019-03-20T13:23:33+01:00;EGIB;1015;;;UZG;0;1353575;0;;0;0;3,5151612766;0,0984181434;75014778000000
POW;138518;2807;powiat iławski;;13422;21.03.2019;2.01.1;26.09.2012;2.01.1;;;NZN;NZN;112285;0;829274;PL.PZGIK.200;bdb43311-4acc-483f-94db-fe66484f926d;2019-03-21T14:28:45+01:00;EGIB;2807;;;UZG;0;1353783;0;;0;0;3,4772970053;0,1882343416;51074246800000
POW;8573;0861;powiat Gorzów Wielkopolski;;13414;2.03.2020;2.01.1;26.09.2012;2.01.1;;;NZN;NZN;161062;0;829059;PL.PZGIK.200;b1a8ae34-a591-4347-908c-80a607e62e1f;2020-03-02T09:13:33+01:00;EGIB;0861;;;UZG;0;1358688;0;;0;0;0,6824794348;0,0114036636;21096668000000
POW;114474;1816;powiat rzeszowski;;13415;4.01.2021;2.01.1;26.09.2012;2.01.1;;;NZN;NZN;200774;0;829085;PL.PZGIK.200;7f2af54d-150f-4b9f-b9fb-d2ce1b04166e;2021-01-04T11:56:29+01:00;EGIB;1816;;;UZG;0;1359258;0;;0;0;4,6634819715;0,1436729863;69058141300000
POW;72879;0406;powiat grudziądzki;;13424;15.03.2021;2.01.1;26.09.2012;2.01.1;;;NZN;NZN;209696;0;829346;PL.PZGIK.200;d94f973f-4b07-46c6-8160-998121612425;2021-03-15T14:35:17+01:00;EGIB;0406;;;UZG;0;1359812;0;;0;0;2,4942711931;0,0986263929;87111861000000
POW;70753;2208;powiat lęborski;;13420;18.05.2021;2.01.1;26.09.2012;2.01.1;;;NZN;NZN;219097;0;829220;PL.PZGIK.200;b8605dfe-9922-4df2-9142-da836fb49b1c;2021-05-18T09:45:11+02:00;EGIB;2208;;;UZG;0;1360181;0;;0;0;2,6190033093;0,0982997054;77097964800000
POW;77971;0216;powiat polkowicki;;13410;23.07.2021;2.01.1;26.09.2012;2.01.1;;;NZN;NZN;228129;0;829333;PL.PZGIK.200;e7cc172b-b217-44c5-aa19-8424ca9c1c03;2021-07-23T16:09:06+02:00;EGIB;0216;;;UZG;0;1360910;0;;0;0;2,7071671203;0,1009372509;39064723900000
POW;176424;3203;powiat drawski;;13423;18.10.2021;2.01.1;26.09.2012;2.01.1;;;NZN;NZN;241916;0;829295;PL.PZGIK.200;3035e433-0a64-4d6e-8d21-c2d38762586c;2021-10-18T09:36:07+02:00;EGIB;3203;;;UZG;0;1361305;0;;0;0;4,0188944786;0,2387293749;33092076500000
POW;8509;0464;powiat Włocławek;;13424;24.02.2022;2.01.1;26.09.2012;2.01.1;;;NZN;NZN;256567;0;829363;PL.PZGIK.200;b9434fb1-7db6-42d9-9a0f-d6f735c2a492;2022-02-24T11:45:52+01:00;EGIB;0464;;;UZG;0;1363171;0;;0;0;0,8744536618;0,0113009112;91086677800000
POW;47930;2409;powiat myszkowski;;13421;1.03.2022;2.01.1;26.09.2012;2.01.1;;;NZN;NZN;256743;0;829240;PL.PZGIK.200;84af16e4-82b9-4f34-a6a2-be81f68f8753;2022-03-01T18:31:22+01:00;EGIB;2409;;;UZG;0;1363234;0;;0;0;2,0717241592;0,0608698201;15218080800000
POW;145949;2010;powiat siemiatycki;;13418;18.05.2022;2.01.1;26.09.2012;2.01.1;;;NZN;NZN;269248;0;829192;PL.PZGIK.200;91df982d-e4f0-4eb3-9f5c-a666d5eb9c5d;2022-05-18T08:06:45+02:00;EGIB;2010;;;UZG;0;1364003;0;;0;0;2,8692170657;0,1930627694;05065861100000
POW;121300;2808;powiat kętrzyński;;13422;31.05.2022;2.01.1;26.09.2012;2.01.1;;;NZN;NZN;271912;0;829275;PL.PZGIK.200;ee2fa061-ef25-497b-a93a-a7aebd46b083;2022-05-31T12:40:38+02:00;EGIB;2808;;;UZG;0;1364249;0;;0;0;2,5785818428;0,1667701856;51074245100000
POW;135456;2007;powiat łomżyński;;13418;21.06.2022;2.01.1;26.09.2012;2.01.1;;;NZN;NZN;275671;0;829190;PL.PZGIK.200;dfbb71bf-ffb3-49fa-ada6-d2bafbbec1d8;2022-06-21T13:13:29+02:00;EGIB;2007;;;UZG;0;1364798;0;;0;0;4,6959907217;0,1821328712;45066991500000
POW;62099;1418;powiat piaseczyński;;13409;14.09.2022;2.01.1;26.09.2012;2.01.1;;;NZN;NZN;290767;0;829103;PL.PZGIK.200;2949242d-4c6f-40bc-b575-c157c3172da7;2022-09-14T07:45:38+02:00;EGIB;1418;;;UZG;0;1365626;0;;0;0;1,9478842173;0,081285207;01327097900000
POW;3997;0662;powiat Chełm;;13411;5.01.2023;2.01.1;26.09.2012;2.01.1;;;NZN;NZN;315976;0;829008;PL.PZGIK.200;a5db8b91-e534-4d3e-8f60-9794a579e315;2023-01-05T14:03:28+01:00;EGIB;0662;;;UZG;0;1367113;0;;0;0;0,5489306022;0,0051346377;11019822100000
POW;52411;0215;powiat oławski;;13410;13.01.2023;2.01.1;26.09.2012;2.01.1;;;NZN;NZN;316212;0;829332;PL.PZGIK.200;9d7a0ea7-4d52-4f6b-a185-c8a936064b15;2023-01-13T16:31:29+01:00;EGIB;0215;;;UZG;0;1367175;0;;0;0;1,89762409;0,0670543792;93193472700000
POW;123040;0415;powiat toruński;;13424;3.03.2023;2.01.1;26.09.2012;2.01.1;;;NZN;NZN;322519;0;829355;PL.PZGIK.200;0fd5385c-1a6a-434e-872f-f8fa883ac320;2023-03-03T07:19:22+01:00;EGIB;0415;;;UZG;0;1367493;0;;0;0;4,4693718935;0,1648372684;87111868400000
POW;62189;0217;powiat strzeliński;;13410;20.04.2023;2.01.1;26.09.2012;2.01.1;;;NZN;NZN;329781;0;829334;PL.PZGIK.200;57be7ce8-4911-4ce5-9ed8-f9411e89e847;2023-04-20T11:03:49+02:00;EGIB;0217;;;UZG;0;1367744;0;;0;0;2,174060954;0,0792532553;93193474000000
POW;14828;2473;powiat Rybnik;;13421;26.05.2023;2.01.1;26.09.2012;2.01.1;;;NZN;NZN;334736;0;829260;PL.PZGIK.200;f72dfd05-0e4f-4807-adf9-906de2e85792;2023-05-26T10:42:46+02:00;EGIB;2473;;;UZG;0;1368045;0;;0;0;1,2329805054;0,0186323123;27625543000000
POW;113157;0810;powiat żagański;;13414;23.06.2023;2.01.1;26.09.2012;2.01.1;;;NZN;NZN;335801;0;829069;PL.PZGIK.200;c7716ec7-af6b-4219-8104-bb1ac641caea;2023-06-23T11:53:31+02:00;EGIB;0810;;;UZG;0;1368404;0;;0;0;3,2245777889;0,1467381082;97077015500000
POW;13388;2466;powiat Gliwice;;13421;17.10.2023;2.01.1;26.09.2012;2.01.1;;;NZN;NZN;347934;0;829255;PL.PZGIK.200;4fc52e6e-ffaa-41c9-9cad-c5c3aeb95991;2023-10-17T11:08:30+02:00;EGIB;2466;;;UZG;0;1369253;0;;0;0;0,9641098922;0,0168921997;27625533500000
POW;3332;2463;powiat Chorzów;;13421;17.10.2023;2.01.1;26.09.2012;2.01.1;;;NZN;NZN;347935;0;829250;PL.PZGIK.200;4c742151-2adc-43de-9a67-c6c1a26228f1;2023-10-17T11:19:06+02:00;EGIB;2463;;;UZG;0;1369274;0;;0;0;0,4325817736;0,0042036353;brak
POW;52106;1820;powiat tarnobrzeski;;13415;26.09.2012;2.01.1;26.09.2012;2.01.1;;;NZN;NZN;13878;0;829089;PL.PZGIK.200;c030b5a4-f5da-44e9-9ced-95005478a236;2012-09-27T08:01:01+02:00;EGIB;1820;;;UZG;0;829089;0;;0;0;1,8967497608;0,0660509746;83040907000000
POW;69479;1414;powiat nowodworski;;13409;26.09.2012;2.01.1;26.09.2012;2.01.1;;;NZN;NZN;13879;0;829099;PL.PZGIK.200;357b6f32-a2a9-4f83-85d2-ae55588ecc62;2012-09-27T08:13:53+02:00;EGIB;1414;;;UZG;0;829099;0;;0;0;2,12999371;0,0918540993;01327003400000
POW;95219;0613;powiat parczewski;;13411;26.09.2012;2.01.1;26.09.2012;2.01.1;;;NZN;NZN;13874;0;828998;PL.PZGIK.200;52f5ef98-e9a4-46d0-ba2b-e0dc6e800796;2012-09-27T07:39:43+02:00;EGIB;0613;;;UZG;0;828998;0;;0;0;2,4228664487;0,1235681752;03023736800000
POW;46835;0617;powiat świdnicki;;13411;26.09.2012;2.01.1;26.09.2012;2.01.1;;;NZN;NZN;13874;0;829002;PL.PZGIK.200;a162dc15-73d7-40e3-9187-87bfb424fcb0;2012-09-27T07:39:43+02:00;EGIB;0617;;;UZG;0;829002;0;;0;0;1,9484497427;0,060147487;89071830800000
POW;88686;1002;powiat kutnowski;;13413;26.09.2012;2.01.1;26.09.2012;2.01.1;;;NZN;NZN;13876;0;829035;PL.PZGIK.200;284ab3f2-83fb-44d0-bd76-900db7dc8c4a;2012-09-27T07:55:30+02:00;EGIB;1002;;;UZG;0;829035;0;;0;0;2,3426887363;0,1166827587;61101614600000
POW;49981;1006;powiat łódzki wschodni;;13413;26.09.2012;2.01.1;26.09.2012;2.01.1;;;NZN;NZN;13876;0;829039;PL.PZGIK.200;1e0d7b34-9e06-4da1-a177-f16537d36207;2012-09-27T07:55:30+02:00;EGIB;1006;;;UZG;0;829039;0;;0;0;2,7649069382;0,0649479844;47205764900000
POW;77316;1806;powiat kolbuszowski;;13415;26.09.2012;2.01.1;26.09.2012;2.01.1;;;NZN;NZN;13878;0;829074;PL.PZGIK.200;b78b9672-2649-4ac1-97bd-cf203d4ca7af;2012-09-27T08:01:01+02:00;EGIB;1806;;;UZG;0;829074;0;;0;0;2,2921897502;0,0975501103;69058138200000
POW;6551;2063;powiat Suwałki;;13418;26.09.2012;2.01.1;26.09.2012;2.01.1;;;NZN;NZN;13882;0;829197;PL.PZGIK.200;7883d398-b0cc-4707-85ce-9e5ff5329408;2012-09-27T09:26:09+02:00;EGIB;2063;;;UZG;0;829197;0;;0;0;0,6096544755;0,0089961801;79067103000000
POW;64390;3005;powiat grodziski;;13417;26.09.2012;2.01.1;26.09.2012;2.01.1;;;NZN;NZN;13881;0;829176;PL.PZGIK.200;89407dcb-ccb2-4c9c-9de7-fa519c5bcbcb;2012-09-27T08:59:03+02:00;EGIB;3005;;;UZG;0;829176;0;;0;0;2,040495902;0,084596457;01326910800000
POW;111928;3024;powiat szamotulski;;13417;26.09.2012;2.01.1;26.09.2012;2.01.1;;;NZN;NZN;13881;0;829161;PL.PZGIK.200;c387b2d6-0b22-41cf-91ef-dd6a24f0bb07;2012-09-27T08:59:03+02:00;EGIB;3024;;;UZG;0;829161;0;;0;0;3,0732025018;0,1484522618;63125798600000
POW;10965;2661;powiat Kielce;;13419;26.09.2012;2.01.1;26.09.2012;2.01.1;;;NZN;NZN;13883;0;829214;PL.PZGIK.200;d2d289f5-eb4f-47ce-9639-aaa875bb340b;2012-09-27T09:32:07+02:00;EGIB;2661;;;UZG;0;829214;0;;0;0;0,8634282174;0,0139991184;29100934300000
POW;47851;0202;powiat dzierżoniowski;;13410;26.09.2012;2.01.1;26.09.2012;2.01.1;;;NZN;NZN;13888;0;829318;PL.PZGIK.200;6e4b2d8b-4559-4329-a4c9-eefdb5c5eb89;2012-09-27T07:36:28+02:00;EGIB;0202;;;UZG;0;829318;0;;0;0;1,5716746878;0,0609316661;89071781700000
POW;69713;2214;powiat tczewski;;13420;26.09.2012;2.01.1;26.09.2012;2.01.1;;;NZN;NZN;13884;0;829229;PL.PZGIK.200;44ae8851-773f-4c90-8c57-a123f89b8626;2012-09-27T09:33:51+02:00;EGIB;2214;;;UZG;0;829229;0;;0;0;2,1292991055;0,0953589929;19167526700000
POW;88860;2406;powiat kłobucki;;13421;26.09.2012;2.01.1;26.09.2012;2.01.1;;;NZN;NZN;13885;0;829236;PL.PZGIK.200;4c000899-b81d-4b23-aae2-e4aa8af755ef;2012-09-27T09:34:20+02:00;EGIB;2406;;;UZG;0;829236;0;;0;0;2,1230545869;0,1136323238;15218075400000
POW;82215;2407;powiat lubliniecki;;13421;26.09.2012;2.01.1;26.09.2012;2.01.1;;;NZN;NZN;13885;0;829238;PL.PZGIK.200;83a775fc-d56d-4b3d-999f-f07d8b5e10e5;2012-09-27T09:34:20+02:00;EGIB;2407;;;UZG;0;829238;0;;0;0;2,6085688869;0,1045636386;15218084300000
POW;12445;2461;powiat Bielsko-Biała;;13421;26.09.2012;2.01.1;26.09.2012;2.01.1;;;NZN;NZN;13885;0;829251;PL.PZGIK.200;9101ccce-72f5-4de8-9dfe-f52ff3d7f3a7;2012-09-27T09:34:20+02:00;EGIB;2461;;;UZG;0;829251;0;;0;0;0,8166398124;0,0155458117;07218170600000
POW;5629;0262;powiat Legnica;;13410;26.09.2012;2.01.1;26.09.2012;2.01.1;;;NZN;NZN;13888;0;829315;PL.PZGIK.200;c845cab0-9fbf-4123-9fc3-c70e57ad17fb;2012-09-27T07:36:28+02:00;EGIB;0262;;;UZG;0;829315;0;;0;0;0,5386889599;0,0072393723;39064720000000
POW;67495;0222;powiat wołowski;;13410;26.09.2012;2.01.1;26.09.2012;2.01.1;;;NZN;NZN;13888;0;829338;PL.PZGIK.200;2b31d9fc-86a8-4b09-bf78-f92e5102ac02;2012-09-27T07:36:28+02:00;EGIB;0222;;;UZG;0;829338;0;;0;0;1,6309395227;0,0871198313;93193480000000
POW;106461;1411;powiat makowski;;13409;2.10.2018;2.01.1;26.09.2012;2.01.1;;;NZN;NZN;91246;0;829096;PL.PZGIK.200;d0693248-930f-4838-b662-ac7137143bdf;2018-10-02T09:15:09+02:00;EGIB;1411;;;UZG;0;1349403;0;;0;0;2,4433901153;0,1422467961;55066884100000
POW;116007;3017;powiat ostrowski;;13417;21.03.2019;2.01.1;26.09.2012;2.01.1;;;NZN;NZN;112218;0;829155;PL.PZGIK.200;64f2809b-6e04-4a33-8955-ed5f4a85c0a1;2019-03-21T13:29:12+01:00;EGIB;3017;;;UZG;0;1353754;0;;0;0;3,1451410567;0,1505345055;25085476000000
POW;6938;3061;powiat Kalisz;;13417;21.03.2019;2.01.1;26.09.2012;2.01.1;;;NZN;NZN;112218;0;829170;PL.PZGIK.200;e910b6e5-bd32-4713-9539-90179a2c8d2e;2019-03-21T13:29:12+01:00;EGIB;3061;;;UZG;0;1353758;0;;0;0;0,5199496814;0,0090276283;25085587700000
POW;118183;1413;powiat mławski;;13409;21.08.2019;2.01.1;26.09.2012;2.01.1;;;NZN;NZN;131695;0;829098;PL.PZGIK.200;f3ab1778-b92d-43a1-bee1-f4184972ddc2;2019-08-21T13:52:13+02:00;EGIB;1413;;;UZG;0;1355864;0;;0;0;2,8844423888;0,1583656131;13037773500000
POW;17596;0461;powiat Bydgoszcz;;13424;28.04.2021;2.01.1;26.09.2012;2.01.1;;;NZN;NZN;215463;0;829360;PL.PZGIK.200;998e0dad-bfe4-4db4-a53c-9203dc6580a9;2021-04-28T08:51:00+02:00;EGIB;0461;;;UZG;0;1359893;0;;0;0;1,2273256174;0,0236227001;09235062000000
POW;3346;1461;powiat Ostrołęka;;13409;18.05.2021;2.01.1;26.09.2012;2.01.1;;;NZN;NZN;219096;0;829132;PL.PZGIK.200;1d945b37-6af3-466a-94ad-d9c02d981402;2021-05-18T08:56:02+02:00;EGIB;1461;;;UZG;0;1360146;0;;0;0;0,4655868437;0,0044863201;55066841000000
POW;100530;0607;powiat kraśnicki;;13411;30.11.2021;2.01.1;26.09.2012;2.01.1;;;NZN;NZN;248010;0;828992;PL.PZGIK.200;50425604-358e-4d5a-8af5-ca1e92c1508c;2021-11-30T17:01:25+01:00;EGIB;0607;;;UZG;0;1361647;0;;0;0;2,4138926223;0,128496758;43101949000000
POW;102461;1016;powiat tomaszowski;;13413;14.12.2021;2.01.1;26.09.2012;2.01.1;;;NZN;NZN;250411;0;829049;PL.PZGIK.200;f0c32b33-f593-42c6-b562-f3e97911301b;2021-12-14T14:03:12+01:00;EGIB;1016;;;UZG;0;1361709;0;;0;0;2,7524464408;0,132914948;95036914900000
POW;80583;3013;powiat leszczyński;;13417;1.02.2022;2.01.1;26.09.2012;2.01.1;;;NZN;NZN;254440;0;829151;PL.PZGIK.200;742efa61-e70d-4f3c-8114-ac3bf33d6d19;2022-02-01T15:18:49+01:00;EGIB;3013;;;UZG;0;1362982;0;;0;0;2,924476208;0,1051562696;41105045100000
POW;15241;2468;powiat Jaworzno;;13421;9.02.2022;2.01.1;26.09.2012;2.01.1;;;NZN;NZN;255915;0;829258;PL.PZGIK.200;b3f597d6-5b12-4eb9-8695-d69dcae8c60c;2022-02-09T15:18:45+01:00;EGIB;2468;;;UZG;0;1363045;0;;0;0;0,9483122034;0,0191936087;brak
POW;87665;1435;powiat wyszkowski;;13409;10.02.2022;2.01.1;26.09.2012;2.01.1;;;NZN;NZN;255938;0;829129;PL.PZGIK.200;b473a4ae-71be-4c2f-812b-8aaa157da8ee;2022-02-10T13:42:25+01:00;EGIB;1435;;;UZG;0;1363090;0;;0;0;2,7771498304;0,1163936904;55066882900000
POW;147196;0418;powiat włocławski;;13424;24.02.2022;2.01.1;26.09.2012;2.01.1;;;NZN;NZN;256567;0;829358;PL.PZGIK.200;c15faed2-a9ca-4219-8ac4-91d5b22ed798;2022-02-24T11:45:52+01:00;EGIB;0418;;;UZG;0;1363170;0;;0;0;4,1397232659;0,194898155;91086677800000
POW;152184;2404;powiat częstochowski;;13421;1.03.2022;2.01.1;26.09.2012;2.01.1;;;NZN;NZN;256743;0;829270;PL.PZGIK.200;a5fef4e5-9579-460f-84e2-daa56282f29a;2022-03-01T18:31:22+01:00;EGIB;2404;;;UZG;0;1363233;0;;0;0;4,856191876;0,1940778578;15218083700000
POW;93660;0808;powiat świebodziński;;13414;11.03.2022;2.01.1;26.09.2012;2.01.1;;;NZN;NZN;259704;0;829067;PL.PZGIK.200;85389332-28e1-48a3-89bc-cbbabd4055ce;2022-03-11T11:47:13+01:00;EGIB;0808;;;UZG;0;1363290;0;;0;0;2,4892775389;0,1232411269;97077011000000
POW;193324;2817;powiat szczycieński;;13422;14.03.2022;2.01.1;26.09.2012;2.01.1;;;NZN;NZN;260265;0;829284;PL.PZGIK.200;3b051d89-3e32-433e-9979-b011d9ff7237;2022-03-14T22:55:44+01:00;EGIB;2817;;;UZG;0;1363347;0;;0;0;3,6806602706;0,262024892;51074253400000
POW;100366;2416;powiat zawierciański;;13421;21.03.2022;2.01.1;26.09.2012;2.01.1;;;NZN;NZN;260889;0;829247;PL.PZGIK.200;42d1201b-fa80-4649-9180-88c64a06a950;2022-03-21T09:42:45+01:00;EGIB;2416;;;UZG;0;1363464;0;;0;0;3,3924827433;0,1272263504;27625525200000
POW;157495;2203;powiat człuchowski;;13420;4.05.2022;2.01.1;26.09.2012;2.01.1;;;NZN;NZN;267367;0;829218;PL.PZGIK.200;a103670f-14b0-49b4-9984-e499dd7fb32e;2022-05-04T08:48:30+02:00;EGIB;2203;;;UZG;0;1363826;0;;0;0;2,9176146636;0,2143983762;77097966000000
POW;77233;2818;powiat gołdapski;;13422;27.05.2022;2.01.1;26.09.2012;2.01.1;;;NZN;NZN;271855;0;829285;PL.PZGIK.200;057ba56e-c91d-4a38-b043-f7cf28024476;2022-05-27T13:18:46+02:00;EGIB;2818;;;UZG;0;1364201;0;;0;0;2,317296883;0,1065145525;51963460000000
POW;121116;1813;powiat przemyski;;13415;7.06.2022;2.01.1;26.09.2012;2.01.1;;;NZN;NZN;273253;0;829082;PL.PZGIK.200;f322275e-1c48-431f-889e-8bb0ccb46e81;2022-06-07T12:40:29+02:00;EGIB;1813;;;UZG;0;1364349;0;;0;0;3,3217635259;0,1511589795;65090031200000
POW;102889;1804;powiat jarosławski;;13415;8.06.2022;2.01.1;26.09.2012;2.01.1;;;NZN;NZN;273734;0;829073;PL.PZGIK.200;7dd14e89-f415-4bd1-be2f-94be82fe2572;2022-06-08T12:46:03+02:00;EGIB;1804;;;UZG;0;1364394;0;;0;0;2,8736344413;0,1290367377;65090030600000
POW;94012;2006;powiat kolneński;;13418;21.06.2022;2.01.1;26.09.2012;2.01.1;;;NZN;NZN;275671;0;829189;PL.PZGIK.200;42112cf8-d0ef-4606-885f-a0619ee96f53;2022-06-21T13:13:29+02:00;EGIB;2006;;;UZG;0;1364797;0;;0;0;2,8467282665;0,1269971246;45066981000000
POW;74401;0209;powiat legnicki;;13410;27.07.2022;2.01.1;26.09.2012;2.01.1;;;NZN;NZN;282374;0;829325;PL.PZGIK.200;78b9fce1-9235-441b-87c5-f80aaf16b801;2022-07-27T12:49:23+02:00;EGIB;0209;;;UZG;0;1365023;0;;0;0;3,2447758625;0,0957516472;39064720000000
POW;42834;0210;powiat lubański;;13410;8.08.2022;2.01.1;26.09.2012;2.01.1;;;NZN;BRK;284398;0;1331318;PL.PZGIK.200;16833a82-0027-41ad-903e-f3b50b74b6fd;2022-08-08T08:24:31+02:00;EGIB;0210;;;UZG;0;1365072;0;;0;0;1,7325861167;0,0549380975;23082137400000
POW;62716;0206;powiat karkonoski;;13410;10.08.2022;2.01.1;26.09.2012;2.01.1;;;NZN;BRK;285053;0;1331321;PL.PZGIK.200;139e17ec-bbd6-410b-80c0-da7faea2a439;2022-08-10T11:06:59+02:00;EGIB;0206;;;UZG;0;1365147;0;;0;0;3,0494770812;0,0800657671;23082149200000
POW;24637;1421;powiat pruszkowski;;13409;14.09.2022;2.01.1;26.09.2012;2.01.1;;;NZN;NZN;290767;0;829106;PL.PZGIK.200;4d601c02-4693-43d1-85b5-bd17b80d27a8;2022-09-14T07:45:38+02:00;EGIB;1421;;;UZG;0;1365627;0;;0;0;1,5208752923;0,0323286904;01326714400000
POW;130830;1809;powiat lubaczowski;;13415;6.12.2022;2.01.1;26.09.2012;2.01.1;;;NZN;NZN;311050;0;829078;PL.PZGIK.200;cbda7396-a9b3-434f-b819-bee9c24d7738;2022-12-06T12:44:16+01:00;EGIB;1809;;;UZG;0;1366390;0;;0;0;2,609398846;0,1647619963;65090028100000
POW;118234;3210;powiat myśliborski;;13423;9.12.2022;2.01.1;26.09.2012;2.01.1;;;NZN;NZN;311999;0;829301;PL.PZGIK.200;bf9906d2-91eb-4911-8ce0-8c8f3ea1986b;2022-12-09T10:03:03+01:00;EGIB;3210;;;UZG;0;1366620;0;;0;0;3,9499215254;0,1577806577;21096732000000
POW;40621;1213;powiat oświęcimski;;13412;16.12.2022;2.01.1;26.09.2012;2.01.1;;;NZN;NZN;313588;0;829022;PL.PZGIK.200;1cf65b44-f4d5-4a14-961f-8363a199b2d6;2022-12-16T07:23:58+01:00;EGIB;1213;;;UZG;0;1366776;0;;0;0;2,0345709905;0,0509194898;07218165200000
POW;188090;0603;powiat chełmski;;13411;5.01.2023;2.01.1;26.09.2012;2.01.1;;;NZN;NZN;315976;0;828988;PL.PZGIK.200;3c276a3f-bbc7-4911-866d-d4fb8b9cea17;2023-01-05T14:03:28+01:00;EGIB;0603;;;UZG;0;1367112;0;;0;0;4,300745372;0,2415146484;11019822100000
POW;5277;2263;powiat Słupsk;;13420;1.02.2023;2.01.1;26.09.2012;2.01.1;;;NZN;NZN;317919;0;829227;PL.PZGIK.200;7a6a2d74-044e-4120-b966-dee790e1f135;2023-02-01T10:09:47+01:00;EGIB;2263;;;UZG;0;1367281;0;;0;0;0,7113230419;0,007303617;77097962500000
POW;122526;0407;powiat inowrocławski;;13424;3.03.2023;2.01.1;26.09.2012;2.01.1;;;NZN;NZN;322519;0;829347;PL.PZGIK.200;e4d23eb5-bada-49c0-94f6-c6cddd75fde9;2023-03-03T07:19:22+01:00;EGIB;0407;;;UZG;0;1367489;0;;0;0;3,1301542283;0,1632222068;09235071900000
POW;139404;0403;powiat bydgoski;;13424;3.03.2023;2.01.1;26.09.2012;2.01.1;;;NZN;NZN;322519;0;829344;PL.PZGIK.200;94211ec0-9e90-4d54-9778-9dfbccc79de3;2023-03-03T07:19:22+01:00;EGIB;0403;;;UZG;0;1367494;0;;0;0;4,6746448588;0,1874052922;09235062000000
POW;67266;1602;powiat głubczycki;;13416;8.05.2023;2.01.1;26.09.2012;2.01.1;;;NZN;BRK;331624;0;1331307;PL.PZGIK.200;fdc38cc1-e6ce-422b-abb7-b211cc2c60ec;2023-05-08T09:00:39+02:00;EGIB;1602;;;UZG;0;1367815;0;;0;0;2,0067263349;0,0845845535;53141246700000
POW;54373;2411;powiat raciborski;;13421;26.05.2023;2.01.1;26.09.2012;2.01.1;;;NZN;BRK;334736;0;1331293;PL.PZGIK.200;84b0d335-0b97-48f5-875f-f5aae0797195;2023-05-26T10:42:46+02:00;EGIB;2411;;;UZG;0;1368049;0;;0;0;2,2336728672;0,0683432927;27625511100000
POW;44326;0203;powiat głogowski;;13410;23.06.2023;2.01.1;26.09.2012;2.01.1;;;NZN;NZN;335801;0;829319;PL.PZGIK.200;f6753ea2-1749-4460-9a52-ae8524c5b67b;2023-06-23T11:53:31+02:00;EGIB;0203;;;UZG;0;1368395;0;;0;0;2,0847410087;0,057595247;39064721600000
POW;68564;1215;powiat suski;;13412;9.10.2023;2.01.1;26.09.2012;2.01.1;;;NZN;BRK;347046;0;1331309;PL.PZGIK.200;449427a1-a4c0-468a-b0ac-8da55c551398;2023-10-09T13:32:24+02:00;EGIB;1215;;;UZG;0;1369154;0;;0;0;1,9942657582;0,0854355376;07218167500000
POW;55345;3022;powiat rawicki;;13417;17.10.2023;2.01.1;26.09.2012;2.01.1;;;NZN;NZN;347911;0;829160;PL.PZGIK.200;8ea3e60d-111c-4d1c-8867-81924a9f6804;2023-10-17T08:43:07+02:00;EGIB;3022;;;UZG;0;1369228;0;;0;0;1,8043718468;0,071862362;41105047400000
POW;87603;1601;powiat brzeski;;13416;19.10.2023;2.01.1;26.09.2012;2.01.1;;;NZN;NZN;348112;0;829148;PL.PZGIK.200;daf9e891-7d0e-4d5d-8a52-c089fec37640;2023-10-19T14:06:26+02:00;EGIB;1601;;;UZG;0;1369310;0;;0;0;3,1631671545;0,1116877346;53141244400000
POW;29281;0264;powiat Wrocław;;13410;23.11.2023;2.01.1;26.09.2012;2.01.1;;;NZN;NZN;351260;0;829317;PL.PZGIK.200;3fa081d3-e6b9-4653-9cd3-c7dd6f53ea81;2023-11-23T10:04:50+01:00;EGIB;0264;;;UZG;0;1369711;0;;0;0;1,333888897;0,0375946244;93193481600000
POW;50347;1819;powiat strzyżowski;;13415;26.09.2012;2.01.1;26.09.2012;2.01.1;;;NZN;NZN;13878;0;829088;PL.PZGIK.200;fa694811-8438-4a7c-a5c7-d66a2f051a1b;2012-09-27T08:01:01+02:00;EGIB;1819;;;UZG;0;829088;0;;0;0;1,6067065136;0,0629661698;69058139900000
POW;57300;1436;powiat zwoleński;;13409;26.09.2012;2.01.1;26.09.2012;2.01.1;;;NZN;NZN;13879;0;829125;PL.PZGIK.200;b6830ad0-d491-40c3-b2f6-f9a35c467d34;2012-09-27T08:13:53+02:00;EGIB;1436;;;UZG;0;829125;0;;0;0;2,3345748639;0,0739217282;67022322100000
POW;80661;1437;powiat żuromiński;;13409;26.09.2012;2.01.1;26.09.2012;2.01.1;;;NZN;NZN;13879;0;829130;PL.PZGIK.200;0f999392-0866-4797-b02f-9bb8079ab19e;2012-09-27T08:13:53+02:00;EGIB;1437;;;UZG;0;829130;0;;0;0;2,5642253931;0,1080305101;13037775800000
POW;41489;1214;powiat proszowicki;;13412;26.09.2012;2.01.1;26.09.2012;2.01.1;;;NZN;NZN;13875;0;829023;PL.PZGIK.200;adb95dd1-f39a-46c3-a2ee-c5dfb69b1d25;2012-09-27T07:52:00+02:00;EGIB;1214;;;UZG;0;829023;0;;0;0;2,1051163437;0,0522435692;35155449400000
POW;41059;1219;powiat wielicki;;13412;26.09.2012;2.01.1;26.09.2012;2.01.1;;;NZN;NZN;13875;0;829029;PL.PZGIK.200;45aa4cc1-64be-4f7b-96b3-b782b62d0baf;2012-09-27T07:52:01+02:00;EGIB;1219;;;UZG;0;829029;0;;0;0;1,6636392453;0,0514656622;35155453100000
POW;149088;1014;powiat sieradzki;;13413;26.09.2012;2.01.1;26.09.2012;2.01.1;;;NZN;NZN;13876;0;829047;PL.PZGIK.200;c5bed6be-51ed-47ff-be97-92b7f9644e2f;2012-09-27T07:55:30+02:00;EGIB;1014;;;UZG;0;829047;0;;0;0;2,91459668;0,1933352053;73093478900000
POW;35855;1021;powiat brzeziński;;13413;26.09.2012;2.01.1;26.09.2012;2.01.1;;;NZN;NZN;13876;0;829054;PL.PZGIK.200;a7e8f6d2-d897-4fb8-9de4-a3c6e1250cf9;2012-09-27T07:55:30+02:00;EGIB;1021;;;UZG;0;829054;0;;0;0;1,6649879777;0,0467520503;75073178600000
POW;124781;0806;powiat strzelecko-drezdenecki;;13414;26.09.2012;2.01.1;26.09.2012;2.01.1;;;NZN;NZN;13877;0;829065;PL.PZGIK.200;ae80b7ef-566b-45bc-aecf-efc0d094ee59;2012-09-27T08:00:40+02:00;EGIB;0806;;;UZG;0;829065;0;;0;0;2,9625997644;0,1665856353;21096735000000
POW;58386;1808;powiat leżajski;;13415;26.09.2012;2.01.1;26.09.2012;2.01.1;;;NZN;NZN;13878;0;829077;PL.PZGIK.200;4835d34d-ab56-47e8-bb0e-b26aa0b82825;2012-09-27T08:01:01+02:00;EGIB;1808;;;UZG;0;829077;0;;0;0;2,2797975263;0,0736232925;69058136000000
POW;68507;3001;powiat chodzieski;;13417;26.09.2012;2.01.1;26.09.2012;2.01.1;;;NZN;NZN;13881;0;829149;PL.PZGIK.200;9412ef04-6c6b-448a-9f10-c15e17808f12;2012-09-27T08:59:03+02:00;EGIB;3001;;;UZG;0;829149;0;;0;0;1,8137471075;0,0916183366;57079950400000
POW;73644;3014;powiat międzychodzki;;13417;26.09.2012;2.01.1;26.09.2012;2.01.1;;;NZN;NZN;13881;0;829152;PL.PZGIK.200;5a132da9-151c-40d5-8bf7-b2920bf19960;2012-09-27T08:59:03+02:00;EGIB;3014;;;UZG;0;829152;0;;0;0;1,9797553735;0,0976826748;21096734300000
POW;85183;1604;powiat kluczborski;;13416;26.09.2012;2.01.1;26.09.2012;2.01.1;;;NZN;NZN;13880;0;829139;PL.PZGIK.200;42bac274-e6cf-4248-97e8-e2e4edb05adb;2012-09-27T08:58:33+02:00;EGIB;1604;;;UZG;0;829139;0;;0;0;2,0376832848;0,1090740911;53141250400000
POW;81029;3004;powiat gostyński;;13417;26.09.2012;2.01.1;26.09.2012;2.01.1;;;NZN;NZN;13881;0;829175;PL.PZGIK.200;ffd85c8f-62a0-4e49-8d0f-f462fa7d1020;2012-09-27T08:59:03+02:00;EGIB;3004;;;UZG;0;829175;0;;0;0;2,433018656;0,1056405708;41105048000000
POW;42216;2603;powiat kazimierski;;13419;26.09.2012;2.01.1;26.09.2012;2.01.1;;;NZN;NZN;13883;0;829203;PL.PZGIK.200;ae1e1f27-6672-45cc-8bc6-eb93e0ad2dca;2012-09-27T09:32:07+02:00;EGIB;2603;;;UZG;0;829203;0;;0;0;1,7354292514;0,0532427064;29100945500000
POW;116006;3007;powiat kaliski;;13417;26.09.2012;2.01.1;26.09.2012;2.01.1;;;NZN;NZN;13881;0;829178;PL.PZGIK.200;a84ca93c-4ad8-494d-95a7-8b1a8c4d4517;2012-09-27T08:59:03+02:00;EGIB;3007;;;UZG;0;829178;0;;0;0;2,9335461692;0,1511283948;25085463600000
POW;79387;2204;powiat gdański;;13420;26.09.2012;2.01.1;26.09.2012;2.01.1;;;NZN;NZN;13884;0;829219;PL.PZGIK.200;8cea8b47-9b83-4eed-8a64-ce29d22ea7e8;2012-09-27T09:33:51+02:00;EGIB;2204;;;UZG;0;829219;0;;0;0;2,1085913612;0,1093456219;19167484200000
POW;106510;3218;powiat łobeski;;13423;26.09.2012;2.01.1;26.09.2012;2.01.1;;;NZN;NZN;13887;0;829309;PL.PZGIK.200;2963177a-d9bc-4ceb-a68d-d83150a65edb;2012-09-27T10:07:22+02:00;EGIB;3218;;;UZG;0;829309;0;;0;0;2,9559347971;0,1447262588;81269053600000
POW;50083;0417;powiat wąbrzeski;;13424;26.09.2012;2.01.1;26.09.2012;2.01.1;;;NZN;NZN;13889;0;829357;PL.PZGIK.200;2b6b02b4-91e7-4ded-b27b-8a0bb79f9660;2012-09-27T07:38:30+02:00;EGIB;0417;;;UZG;0;829357;0;;0;0;1,9154365317;0,0674662024;87111877300000
POW;4471;1861;powiat Krosno;;13415;28.01.2021;2.01.1;26.09.2012;2.01.1;;;NZN;NZN;201859;0;829091;PL.PZGIK.200;2d66b1b1-bfc9-44b1-956e-8990987c5777;2021-01-28T13:43:40+01:00;EGIB;1861;;;UZG;0;1359581;0;;0;0;0,4249297495;0,0055709815;37044051900000
POW;27827;0862;powiat Zielona Góra;;13414;11.02.2021;2.01.1;26.09.2012;2.01.1;;;NZN;NZN;205842;0;829058;PL.PZGIK.200;e3d8ca74-34c5-4eef-8e53-f5b31945cb3b;2021-02-11T13:39:12+01:00;EGIB;0862;;;UZG;0;1359686;0;;0;0;1,4451055074;0,0363561728;97077017800000
POW;147421;0414;powiat świecki;;13424;18.05.2021;2.01.1;26.09.2012;2.01.1;;;NZN;NZN;219096;0;829354;PL.PZGIK.200;f72e8017-d8c2-4c4d-8912-e93f06b85c1b;2021-05-18T08:56:02+02:00;EGIB;0414;;;UZG;0;1360163;0;;0;0;3,2044117247;0,1996628566;09235097800000
POW;77704;1803;powiat dębicki;;13415;18.05.2021;2.01.1;26.09.2012;2.01.1;;;NZN;NZN;219096;0;829072;PL.PZGIK.200;5d56a379-ad83-47b3-9aa4-e7188cf79742;2021-05-18T08:56:02+02:00;EGIB;1803;;;UZG;0;1360175;0;;0;0;2,436148909;0,097463078;85166053600000
POW;87530;0605;powiat janowski;;13411;30.11.2021;2.01.1;26.09.2012;2.01.1;;;NZN;NZN;248010;0;828990;PL.PZGIK.200;70878c52-32df-411a-bc27-d67966963ca5;2021-11-30T17:01:25+01:00;EGIB;0605;;;UZG;0;1361655;0;;0;0;2,4142518789;0,1114338492;83040920600000
POW;80151;1423;powiat przysuski;;13409;14.12.2021;2.01.1;26.09.2012;2.01.1;;;NZN;NZN;250411;0;829108;PL.PZGIK.200;06437711-b083-4479-a66e-e78888507e51;2021-12-14T14:03:12+01:00;EGIB;1423;;;UZG;0;1361706;0;;0;0;2,6470515117;0,1035536783;67022319000000
POW;61268;0405;powiat golubsko-dobrzyński;;13424;14.01.2022;2.01.1;26.09.2012;2.01.1;;;NZN;NZN;253679;0;829345;PL.PZGIK.200;0bcdc2cc-f821-4886-9336-e3ebfa30466f;2022-01-14T15:37:19+01:00;EGIB;0405;;;UZG;0;1362417;0;;0;0;2,2205825766;0,0821978758;87111855000000
POW;102110;3205;powiat gryficki;;13423;25.01.2022;2.01.1;26.09.2012;2.01.1;;;NZN;NZN;254215;0;829296;PL.PZGIK.200;e687adb2-d4e9-41cf-ba09-fd494ecaf3db;2022-01-25T21:58:20+01:00;EGIB;3205;;;UZG;0;1362798;0;;0;0;2,6940871723;0,1397493709;81168410800000
POW;15814;2414;powiat bieruńsko-lędziński;;13421;9.02.2022;2.01.1;26.09.2012;2.01.1;;;NZN;NZN;255915;0;829245;PL.PZGIK.200;596dc935-5d17-4a9d-82d5-85d2d3890126;2022-02-09T15:18:45+01:00;EGIB;2414;;;UZG;0;1363066;0;;0;0;1,0508785827;0,0198716573;27625519200000
POW;99931;0805;powiat słubicki;;13414;11.03.2022;2.01.1;26.09.2012;2.01.1;;;NZN;NZN;259704;0;829064;PL.PZGIK.200;0f4e4cbc-0a46-4912-ad56-cba448ce75b9;2022-03-11T11:47:13+01:00;EGIB;0805;;;UZG;0;1363294;0;;0;0;2,519911415;0,13181043;21096736600000
POW;61290;2608;powiat pińczowski;;13419;17.03.2022;2.01.1;26.09.2012;2.01.1;;;NZN;NZN;260881;0;829208;PL.PZGIK.200;74f7c12c-8a86-4ed0-90c7-d846bc147452;2022-03-17T14:04:07+01:00;EGIB;2608;;;UZG;0;1363427;0;;0;0;2,4443658936;0,0776225615;29100943200000
POW;39151;2262;powiat Gdynia;;13420;18.03.2022;2.01.1;26.09.2012;2.01.1;;;NZN;NZN;260885;0;829233;PL.PZGIK.200;4e7f9b56-cf2e-4d2a-86f1-d8a841b976bf;2022-03-18T13:56:22+01:00;EGIB;2262;;;UZG;0;1363437;0;;0;0;1,4693645592;0,0543256186;19167555700000
POW;6464;2479;powiat Żory;;13421;25.03.2022;2.01.1;26.09.2012;2.01.1;;;NZN;NZN;262214;0;829266;PL.PZGIK.200;18c7edcf-f96a-401c-adef-cc5477836a75;2022-03-25T15:29:27+01:00;EGIB;2479;;;UZG;0;1363531;0;;0;0;0,6407935566;0,008112255;brak
POW;69320;2819;powiat węgorzewski;;13422;30.05.2022;2.01.1;26.09.2012;2.01.1;;;NZN;NZN;271902;0;829286;PL.PZGIK.200;78e43ff2-3a0c-497c-ba06-95f283fc066c;2022-05-30T11:35:29+02:00;EGIB;2819;;;UZG;0;1364230;0;;0;0;1,8530689724;0,0954596276;51963459100000
POW;148676;0618;powiat tomaszowski;;13411;8.06.2022;2.01.1;26.09.2012;2.01.1;;;NZN;NZN;273404;0;829003;PL.PZGIK.200;0a318aee-35ab-4a38-ae71-c0757d318e42;2022-06-08T14:53:54+02:00;EGIB;0618;;;UZG;0;1364430;0;;0;0;3,7986799463;0,1882766308;95036914900000
POW;85516;2009;powiat sejneński;;13418;21.06.2022;2.01.1;26.09.2012;2.01.1;;;NZN;BRK;275669;0;1331296;PL.PZGIK.200;08e0d9b0-9410-4ac7-a986-8439e6a5100b;2022-06-21T12:09:02+02:00;EGIB;2009;;;UZG;0;1364761;0;;0;0;2,3896788872;0,1174047374;79067104700000
POW;44187;1605;powiat krapkowicki;;13416;10.10.2022;2.01.1;26.09.2012;2.01.1;;;NZN;NZN;297597;0;829140;PL.PZGIK.200;e220ff54-0cb8-4fc9-99ee-89724f647687;2022-10-10T14:57:32+02:00;EGIB;1605;;;UZG;0;1365704;0;;0;0;1,8064144875;0,055937344;53141253300000
POW;14746;0663;powiat Lublin;;13411;25.10.2022;2.01.1;26.09.2012;2.01.1;;;NZN;NZN;300307;0;829007;PL.PZGIK.200;5aa84bcb-1088-4c93-ba91-f09d1e8e086e;2022-10-25T13:22:22+02:00;EGIB;0663;;;UZG;0;1365856;0;;0;0;0,9865970467;0,0189743367;43101950800000
POW;83490;1821;powiat leski;;13415;6.12.2022;2.01.1;26.09.2012;2.01.1;;;NZN;BRK;311046;0;1331300;PL.PZGIK.200;8958f2fe-1765-441b-a5e0-852773911e99;2022-12-06T10:25:37+01:00;EGIB;1821;;;UZG;0;1366369;0;;0;0;2,0325497896;0,1032477653;37103498000000
POW;121422;0801;powiat gorzowski;;13414;9.12.2022;2.01.1;26.09.2012;2.01.1;;;NZN;NZN;311999;0;829060;PL.PZGIK.200;19acf2b5-5d7b-4edf-a442-e98f59f962d9;2022-12-09T10:03:03+01:00;EGIB;0801;;;UZG;0;1366623;0;;0;0;4,0123641306;0,1615281609;21096731400000
POW;45806;2402;powiat bielski;;13421;16.12.2022;2.01.1;26.09.2012;2.01.1;;;NZN;NZN;313588;0;829267;PL.PZGIK.200;e61989d1-83dc-46eb-ae23-eafe4c2d67ef;2022-12-16T07:23:58+01:00;EGIB;2402;;;UZG;0;1366777;0;;0;0;2,9685390202;0,0572449057;05065857400000
POW;10557;3261;powiat Koszalin;;13423;20.12.2022;2.01.1;26.09.2012;2.01.1;;;NZN;NZN;313943;0;829311;PL.PZGIK.200;26a963f2-7949-44c6-9090-835927aaa19b;2022-12-20T10:12:55+01:00;EGIB;3261;;;UZG;0;1366846;0;;0;0;0,9428599523;0,0145331963;33092085400000
POW;73027;2403;powiat cieszyński;;13421;25.08.2023;2.01.1;26.09.2012;2.01.1;;;NZN;BRK;342795;0;1331294;PL.PZGIK.200;41d5d717-6c1d-4048-ad65-a66ef5659ff4;2023-08-25T09:29:19+02:00;EGIB;2403;;;UZG;0;1368789;0;;0;0;2,3362599723;0,0910865128;07218171200000
POW;6948;2462;powiat Bytom;;13421;5.09.2023;2.01.1;26.09.2012;2.01.1;;;NZN;NZN;343304;0;829252;PL.PZGIK.200;80e3a455-2de8-437d-a859-a3548f926c8f;2023-09-05T13:47:52+02:00;EGIB;2462;;;UZG;0;1368802;0;;0;0;0,636792276;0,008777909;27625526900000
POW;98475;0419;powiat żniński;;13424;5.09.2023;2.01.1;26.09.2012;2.01.1;;;NZN;NZN;343306;0;829359;PL.PZGIK.200;2b8ca09e-0184-4c4c-9b8b-c64390909740;2023-09-05T15:18:05+02:00;EGIB;0419;;;UZG;0;1368828;0;;0;0;3,1573340715;0,13127278;09235116200000
POW;6567;2470;powiat Mysłowice;;13421;18.09.2023;2.01.1;26.09.2012;2.01.1;;;NZN;NZN;344853;0;829259;PL.PZGIK.200;224e1aa2-5aa3-458f-a4ad-e8a58eff97e9;2023-09-18T09:31:53+02:00;EGIB;2470;;;UZG;0;1368960;0;;0;0;0,5469453505;0,0082675298;27625539300000
POW;66474;2405;powiat gliwicki;;13421;5.10.2023;2.01.1;26.09.2012;2.01.1;;;NZN;NZN;346965;0;829237;PL.PZGIK.200;6b32441a-4fce-4379-8626-fae9d7935133;2023-10-05T13:18:47+02:00;EGIB;2405;;;UZG;0;1369097;0;;0;0;2,7789164769;0,0839781373;27625498500000
POW;64420;2413;powiat tarnogórski;;13421;17.10.2023;2.01.1;26.09.2012;2.01.1;;;NZN;NZN;347934;0;829244;PL.PZGIK.200;31d4fa5d-0690-4186-aada-f748386693b2;2023-10-17T11:08:30+02:00;EGIB;2413;;;UZG;0;1369262;0;;0;0;2,4884314969;0,0815977111;27625517000000
POW;122394;1607;powiat nyski;;13416;19.10.2023;2.01.1;26.09.2012;2.01.1;;;NZN;BRK;348112;0;1331306;PL.PZGIK.200;845d9522-06aa-4ba2-81b5-e39f63fafd1f;2023-10-19T14:06:26+02:00;EGIB;1607;;;UZG;0;1369309;0;;0;0;3,2860142853;0,1549955396;53141257900000
POW;128868;0608;powiat lubartowski;;13411;26.09.2012;2.01.1;26.09.2012;2.01.1;;;NZN;NZN;13874;0;828993;PL.PZGIK.200;27783762-868f-45a1-95d3-bc0fd9762a2c;2012-09-27T07:39:43+02:00;EGIB;0608;;;UZG;0;828993;0;;0;0;3,2108134566;0,1668531291;43101919300000
POW;93377;0614;powiat puławski;;13411;26.09.2012;2.01.1;26.09.2012;2.01.1;;;NZN;NZN;13874;0;828999;PL.PZGIK.200;ec71ad0e-8898-4f27-940d-fe259882a7c0;2012-09-27T07:39:43+02:00;EGIB;0614;;;UZG;0;828999;0;;0;0;2,7657790068;0,1206389569;43101948300000
POW;96500;0615;powiat radzyński;;13411;26.09.2012;2.01.1;26.09.2012;2.01.1;;;NZN;NZN;13874;0;829000;PL.PZGIK.200;b83fc385-a4d3-4b1c-ba09-fbc6ebc43f71;2012-09-27T07:39:43+02:00;EGIB;0615;;;UZG;0;829000;0;;0;0;2,6464627151;0,1257107819;03023737400000
POW;4940;0661;powiat Biała Podlaska;;13411;26.09.2012;2.01.1;26.09.2012;2.01.1;;;NZN;NZN;13874;0;829004;PL.PZGIK.200;ef1fe2b7-9536-4988-8c48-fdf49e927fea;2012-09-27T07:39:43+02:00;EGIB;0661;;;UZG;0;829004;0;;0;0;0,459776338;0,0064685437;03023734500000
POW;5760;1262;powiat Nowy Sącz;;13412;26.09.2012;2.01.1;26.09.2012;2.01.1;;;NZN;NZN;13875;0;829031;PL.PZGIK.200;f642b452-a6ab-46bd-9267-836006bfd7c0;2012-09-27T07:52:01+02:00;EGIB;1262;;;UZG;0;829031;0;;0;0;0,4896857367;0,0071649589;49189318000000
POW;128891;2013;powiat wysokomazowiecki;;13418;26.09.2012;2.01.1;26.09.2012;2.01.1;;;NZN;NZN;13882;0;829196;PL.PZGIK.200;36c11217-5f6d-45d7-89bc-c877a26794dc;2012-09-27T09:26:09+02:00;EGIB;2013;;;UZG;0;829196;0;;0;0;3,3741347907;0,1720240499;45067013700000
POW;96790;2601;powiat buski;;13419;26.09.2012;2.01.1;26.09.2012;2.01.1;;;NZN;NZN;13883;0;829201;PL.PZGIK.200;937499d5-78c0-4b1b-a5d9-c6bdbea99aa2;2012-09-27T09:32:07+02:00;EGIB;2601;;;UZG;0;829201;0;;0;0;2,8423689396;0,122476839;29100935000000
POW;60833;3008;powiat kępiński;;13417;26.09.2012;2.01.1;26.09.2012;2.01.1;;;NZN;NZN;13881;0;829179;PL.PZGIK.200;bc0136fd-720b-4f2b-8880-f08dbe76b7d2;2012-09-27T08:59:03+02:00;EGIB;3008;;;UZG;0;829179;0;;0;0;1,8634074013;0,0782975137;25085467100000
POW;92978;3027;powiat turecki;;13417;26.09.2012;2.01.1;26.09.2012;2.01.1;;;NZN;NZN;13881;0;829165;PL.PZGIK.200;79b9bef2-0ca5-413e-954c-fa6e3ad10210;2012-09-27T08:59:03+02:00;EGIB;3027;;;UZG;0;829165;0;;0;0;2,0335355951;0,1216798238;31101898200000
POW;91091;2606;powiat opatowski;;13419;26.09.2012;2.01.1;26.09.2012;2.01.1;;;NZN;NZN;13883;0;829206;PL.PZGIK.200;6c31ebe8-0f8a-49ee-ba2d-caa0bccfd006;2012-09-27T09:32:07+02:00;EGIB;2606;;;UZG;0;829206;0;;0;0;3,1530263156;0,1162442866;83040921200000
POW;39079;1408;powiat legionowski;;13409;1.10.2018;2.01.1;26.09.2012;2.01.1;;;NZN;NZN;91097;0;829126;PL.PZGIK.200;9fe489f4-9be5-4b8b-adf6-ecbf7c9cff62;2018-10-01T15:39:22+02:00;EGIB;1408;;;UZG;0;1349370;0;;0;0;1,5241348614;0,051653989;01326985800000
POW;87357;2813;powiat olecki;;13422;24.10.2018;2.01.1;26.09.2012;2.01.1;;;NZN;NZN;93406;0;829280;PL.PZGIK.200;f788737b-a599-4e78-b366-8abf32d41060;2018-10-24T08:20:25+02:00;EGIB;2813;;;UZG;0;1350252;0;;0;0;2,3380027414;0,1198371094;79067119400000
POW;73310;2014;powiat zambrowski;;13418;21.03.2019;2.01.1;26.09.2012;2.01.1;;;NZN;NZN;112209;0;829198;PL.PZGIK.200;c94e8a4b-59c3-4fd6-965b-c5a47758b879;2019-03-21T09:53:34+01:00;EGIB;2014;;;UZG;0;1353683;0;;0;0;2,5422496737;0,0981377562;45067025500000
POW;100752;3207;powiat kamieński;;13423;16.04.2020;2.01.1;26.09.2012;2.01.1;;;NZN;NZN;165782;0;829297;PL.PZGIK.200;8fd0edf8-7086-41cd-a817-8e5e66a22d3e;2020-04-16T14:24:23+02:00;EGIB;3207;;;UZG;0;1358929;0;;0;0;2,2048665569;0,137706025;81168414300000
POW;113120;1429;powiat sokołowski;;13409;18.05.2021;2.01.1;26.09.2012;2.01.1;;;NZN;NZN;219096;0;829113;PL.PZGIK.200;37611728-15db-4f04-9740-aaceff8e4a86;2021-05-18T08:56:02+02:00;EGIB;1429;;;UZG;0;1360152;0;;0;0;2,4307351334;0,1496623416;71158177100000
POW;92499;2809;powiat lidzbarski;;13422;19.05.2021;2.01.1;26.09.2012;2.01.1;;;NZN;NZN;219158;0;829276;PL.PZGIK.200;ae7980f6-4c68-43f8-bd98-9a635a836d03;2021-05-19T08:57:14+02:00;EGIB;2809;;;UZG;0;1360200;0;;0;0;3,246051816;0,1270751975;51074252800000
POW;9116;2475;powiat Sosnowiec;;13421;10.11.2021;2.01.1;26.09.2012;2.01.1;;;NZN;NZN;245231;0;829235;PL.PZGIK.200;73b5670a-fff9-42bb-84aa-ee38ce582518;2021-11-10T16:20:50+01:00;EGIB;2475;;;UZG;0;1361366;0;;0;0;0,7365625155;0,011496973;27625548200000
POW;58669;0412;powiat rypiński;;13424;14.01.2022;2.01.1;26.09.2012;2.01.1;;;NZN;NZN;253679;0;829352;PL.PZGIK.200;1f87dd2e-136e-425b-a28e-fa7744058fb4;2022-01-14T15:37:19+01:00;EGIB;0412;;;UZG;0;1362418;0;;0;0;2,2564309322;0,0786097059;91086670300000
POW;126782;1406;powiat grójecki;;13409;25.01.2022;2.01.1;26.09.2012;2.01.1;;;NZN;NZN;254218;0;829123;PL.PZGIK.200;1902b89c-e533-4c1e-957c-87f29075df06;2022-01-25T16:07:37+01:00;EGIB;1406;;;UZG;0;1362785;0;;0;0;3,7490680223;0,1651384333;67022314900000
POW;116360;1412;powiat miński;;13409;26.01.2022;2.01.1;26.09.2012;2.01.1;;;NZN;NZN;254247;0;829097;PL.PZGIK.200;990a47d4-e8f6-450c-9636-ea29e35cc404;2022-01-26T14:26:58+01:00;EGIB;1412;;;UZG;0;1362855;0;;0;0;3,3572572568;0,1528884817;71158178800000
POW;205442;2011;powiat sokólski;;13418;24.05.2022;2.01.1;26.09.2012;2.01.1;;;NZN;BRK;270408;0;1331295;PL.PZGIK.200;cfdb1da1-997c-4c78-a92e-b0fe46a4ef65;2022-05-24T09:37:16+02:00;EGIB;2011;;;UZG;0;1364101;0;;0;0;4,0969377496;0,2779258562;05065862800000
POW;162353;2005;powiat hajnowski;;13418;24.05.2022;2.01.1;26.09.2012;2.01.1;;;NZN;BRK;270411;0;1331297;PL.PZGIK.200;369919c1-3696-4542-ab7f-f52566d382f5;2022-05-24T16:23:05+02:00;EGIB;2005;;;UZG;0;1364132;0;;0;0;3,1520456122;0,2160509851;05065858000000
POW;20207;3263;powiat Świnoujście;;13423;13.06.2022;2.01.1;26.09.2012;2.01.1;;;NZN;BRK;274519;0;1331289;PL.PZGIK.200;8e8009b0-9e3e-41b7-a236-ed8b2e31ca0b;2022-06-13T17:13:55+02:00;EGIB;3263;;;UZG;0;1364543;0;;0;0;0,746249395;0,0275860595;brak
POW;111293;2805;powiat ełcki;;13422;12.07.2022;2.01.1;26.09.2012;2.01.1;;;NZN;NZN;279780;0;829272;PL.PZGIK.200;832b4c61-0103-4c7d-b2f1-d53c829f715b;2022-07-12T12:47:42+02:00;EGIB;2805;;;UZG;0;1364841;0;;0;0;3,0937864688;0,1518371921;79067105300000
POW;10930;0261;powiat Jelenia Góra;;13410;10.08.2022;2.01.1;26.09.2012;2.01.1;;;NZN;BRK;285052;0;1331313;PL.PZGIK.200;f874c206-4613-483b-b34d-feaa8e657dbf;2022-08-10T07:10:42+02:00;EGIB;0261;;;UZG;0;1365121;0;;0;0;1,1510672713;0,0139572938;23082152300000
POW;104317;3213;powiat sławieński;;13423;23.01.2023;2.01.1;26.09.2012;2.01.1;;;NZN;NZN;317146;0;829304;PL.PZGIK.200;e7df1d0c-30d0-4e31-9ce5-af88ca2302f5;2023-01-23T12:47:20+01:00;EGIB;3213;;;UZG;0;1367228;0;;0;0;2,4383808299;0,14421096;77097972000000
POW;107538;0416;powiat tucholski;;13424;3.03.2023;2.01.1;26.09.2012;2.01.1;;;NZN;NZN;322519;0;829356;PL.PZGIK.200;024e370e-d84e-4487-a467-d184ee88816e;2023-03-03T07:19:22+01:00;EGIB;0416;;;UZG;0;1367488;0;;0;0;3,2164337215;0,1458945107;09235109600000
POW;74142;0219;powiat świdnicki;;13410;19.05.2023;2.01.1;26.09.2012;2.01.1;;;NZN;NZN;333147;0;829335;PL.PZGIK.200;60586afd-58bc-4d23-8238-bf4f4756d789;2023-05-19T11:35:49+02:00;EGIB;0219;;;UZG;0;1367950;0;;0;0;2,2752360453;0,0947236533;89071830800000
POW;61814;1212;powiat olkuski;;13412;23.05.2023;2.01.1;26.09.2012;2.01.1;;;NZN;NZN;333905;0;829021;PL.PZGIK.200;635515cd-30e5-47cd-b0b2-db0113ac269f;2023-05-23T09:10:27+02:00;EGIB;1212;;;UZG;0;1368000;0;;0;0;2,1705849078;0,0780318622;27625504500000
POW;67633;1208;powiat miechowski;;13412;23.05.2023;2.01.1;26.09.2012;2.01.1;;;NZN;NZN;333905;0;829017;PL.PZGIK.200;044838ea-446c-4679-9bf9-a0f7351d0e26;2023-05-23T09:10:27+02:00;EGIB;1208;;;UZG;0;1368002;0;;0;0;1,8833449546;0,0854999771;29100946100000
POW;43021;0221;powiat wałbrzyski;;13410;31.05.2023;2.01.1;26.09.2012;2.01.1;;;NZN;BRK;334879;0;1331316;PL.PZGIK.200;387f7282-f74e-4cad-ac49-fab6a947a1fa;2023-05-31T11:42:23+02:00;EGIB;0221;;;UZG;0;1368122;0;;0;0;2,0889019353;0,0547950308;89071801800000
POW;104004;2417;powiat żywiecki;;13421;7.09.2023;2.01.1;26.09.2012;2.01.1;;;NZN;BRK;343512;0;1331291;PL.PZGIK.200;87a03da4-a657-452c-a8f0-aa66c86c06ac;2023-09-07T09:20:34+02:00;EGIB;2417;;;UZG;0;1368874;0;;0;0;2,2583565703;0,1293793416;07218172900000
POW;230446;2212;powiat słupski;;13420;20.09.2023;2.01.1;26.09.2012;2.01.1;;;NZN;NZN;345614;0;829226;PL.PZGIK.200;bb22c23d-48d7-469c-9cab-e130c0afc0ef;2023-09-20T14:22:21+02:00;EGIB;2212;;;UZG;0;1368989;0;;0;0;5,495784076;0,3188042739;77097968300000
POW;3033;0664;powiat Zamość;;13411;9.10.2023;2.01.1;26.09.2012;2.01.1;;;NZN;NZN;347048;0;829009;PL.PZGIK.200;15b0c4f1-9515-4e61-8216-b543b5197a48;2023-10-09T15:05:05+02:00;EGIB;0664;;;UZG;0;1369161;0;;0;0;0,4343265552;0,0038614734;95036873000000
POW;179665;1419;powiat płocki;;13409;26.09.2012;2.01.1;26.09.2012;2.01.1;;;NZN;NZN;13879;0;829104;PL.PZGIK.200;b3b3dfff-c9b2-4d74-8cf8-f21e620136f6;2012-09-27T08:13:53+02:00;EGIB;1419;;;UZG;0;829104;0;;0;0;4,5690240399;0,238018178;61101603400000
POW;82723;1424;powiat pułtuski;;13409;26.09.2012;2.01.1;26.09.2012;2.01.1;;;NZN;NZN;13879;0;829109;PL.PZGIK.200;05b6cec3-bcc8-4029-a0bc-99c40ff3c159;2012-09-27T08:13:53+02:00;EGIB;1424;;;UZG;0;829109;0;;0;0;2,2968068976;0,1099058016;13037772900000
POW;275430;0601;powiat bialski;;13411;26.09.2012;2.01.1;26.09.2012;2.01.1;;;NZN;NZN;13874;0;828986;PL.PZGIK.200;5c79efd4-8fc4-4e53-888f-97263be8e053;2012-09-27T07:39:43+02:00;EGIB;0601;;;UZG;0;828986;0;;0;0;4,8039975188;0,3602287993;03023734500000
POW;103142;0606;powiat krasnostawski;;13411;26.09.2012;2.01.1;26.09.2012;2.01.1;;;NZN;NZN;13874;0;828991;PL.PZGIK.200;1550af77-3859-4d7d-a5d3-dc703ec910db;2012-09-27T07:39:43+02:00;EGIB;0606;;;UZG;0;828991;0;;0;0;2,6155751541;0,1319628756;11019820900000
POW;96761;1001;powiat bełchatowski;;13413;26.09.2012;2.01.1;26.09.2012;2.01.1;;;NZN;NZN;13876;0;829034;PL.PZGIK.200;bd275e62-54ee-417c-868f-db5ba41c7fd3;2012-09-27T07:55:30+02:00;EGIB;1001;;;UZG;0;829034;0;;0;0;2,7000345035;0,1248646941;59064842200000
POW;61830;1003;powiat łaski;;13413;26.09.2012;2.01.1;26.09.2012;2.01.1;;;NZN;NZN;13876;0;829036;PL.PZGIK.200;6b10528e-1305-4e99-89d2-c4d7f9089450;2012-09-27T07:55:30+02:00;EGIB;1003;;;UZG;0;829036;0;;0;0;2,6641512972;0,0800913681;73093481000000
POW;77277;1004;powiat łęczycki;;13413;26.09.2012;2.01.1;26.09.2012;2.01.1;;;NZN;NZN;13876;0;829037;PL.PZGIK.200;04363425-4439-402e-b43d-936543aec23d;2012-09-27T07:55:30+02:00;EGIB;1004;;;UZG;0;829037;0;;0;0;2,5206886546;0,1013357635;61101612300000
POW;80418;1009;powiat pajęczański;;13413;26.09.2012;2.01.1;26.09.2012;2.01.1;;;NZN;NZN;13876;0;829042;PL.PZGIK.200;55f146ab-2ba5-434a-8157-a49deffec92f;2012-09-27T07:55:30+02:00;EGIB;1009;;;UZG;0;829042;0;;0;0;2,5438066667;0,1033124737;59229800900000
POW;144319;1012;powiat radomszczański;;13413;26.09.2012;2.01.1;26.09.2012;2.01.1;;;NZN;NZN;13876;0;829045;PL.PZGIK.200;e5cf2405-3970-4585-bd6d-f2ee349327ec;2012-09-27T07:55:30+02:00;EGIB;1012;;;UZG;0;829045;0;;0;0;3,6168672224;0,1850276283;59064844500000
POW;36919;1019;powiat zduńskowolski;;13413;26.09.2012;2.01.1;26.09.2012;2.01.1;;;NZN;NZN;13876;0;829051;PL.PZGIK.200;4df2cc96-b1d2-440d-bd39-f38b9f462adb;2012-09-27T07:55:30+02:00;EGIB;1019;;;UZG;0;829051;0;;0;0;1,6327199001;0,047928834;73093479500000
POW;88050;1811;powiat mielecki;;13415;26.09.2012;2.01.1;26.09.2012;2.01.1;;;NZN;NZN;13878;0;829080;PL.PZGIK.200;3f4de0d6-42c9-4507-b007-95a57f0797b9;2012-09-27T08:01:01+02:00;EGIB;1811;;;UZG;0;829080;0;;0;0;2,0671708171;0,1110809636;69058144200000
POW;138180;2008;powiat moniecki;;13418;26.09.2012;2.01.1;26.09.2012;2.01.1;;;NZN;NZN;13882;0;829191;PL.PZGIK.200;7de4ed9f-e2ea-4456-9248-bc81a2b79294;2012-09-27T09:26:09+02:00;EGIB;2008;;;UZG;0;829191;0;;0;0;3,5789329745;0,1867078224;05065859700000
POW;224597;2604;powiat kielecki;;13419;26.09.2012;2.01.1;26.09.2012;2.01.1;;;NZN;NZN;13883;0;829204;PL.PZGIK.200;b223bd08-4fe5-4456-8797-8eb39bfbd775;2012-09-27T09:32:07+02:00;EGIB;2604;;;UZG;0;829204;0;;0;0;5,555154571;0,2865748756;29100937200000
POW;70347;3030;powiat wrzesiński;;13417;26.09.2012;2.01.1;26.09.2012;2.01.1;;;NZN;NZN;13881;0;829168;PL.PZGIK.200;e6ff6666-2410-4a42-a3df-de1089b6f511;2012-09-27T08:59:03+02:00;EGIB;3030;;;UZG;0;829168;0;;0;0;2,4323791475;0,0925755063;63125790500000
POW;125495;3003;powiat gnieźnieński;;13417;26.09.2012;2.01.1;26.09.2012;2.01.1;;;NZN;NZN;13881;0;829174;PL.PZGIK.200;9d8be336-ec60-484e-a218-bd6a57c56b5c;2012-09-27T08:59:03+02:00;EGIB;3003;;;UZG;0;829174;0;;0;0;3,2947223698;0,1662141573;63125804600000
POW;49439;2209;powiat malborski;;13420;26.09.2012;2.01.1;26.09.2012;2.01.1;;;NZN;NZN;13884;0;829223;PL.PZGIK.200;2249144d-a152-435b-b1e2-c2c11fbcc0b2;2012-09-27T09:33:51+02:00;EGIB;2209;;;UZG;0;829223;0;;0;0;1,5223576887;0,067855011;19264473100000
POW;283807;2814;powiat olsztyński;;13422;26.09.2012;2.01.1;26.09.2012;2.01.1;;;NZN;NZN;13886;0;829281;PL.PZGIK.200;b4fb673d-472a-45bf-9bed-f6d43a89d0b8;2012-09-27T10:00:59+02:00;EGIB;2814;;;UZG;0;829281;0;;0;0;5,979883998;0,3870650445;51074266900000
POW;95391;2803;powiat działdowski;;13422;26.09.2012;2.01.1;26.09.2012;2.01.1;;;NZN;NZN;13886;0;829291;PL.PZGIK.200;30a27a14-3617-4e3d-b7ab-9b202199b4f9;2012-09-27T10:00:59+02:00;EGIB;2803;;;UZG;0;829291;0;;0;0;2,71317483;0,1284726045;13037774100000
POW;73825;0204;powiat górowski;;13410;26.09.2012;2.01.1;26.09.2012;2.01.1;;;NZN;NZN;13888;0;829320;PL.PZGIK.200;65b5a197-3d86-401c-8cea-ea80c3b4bf7c;2012-09-27T07:36:28+02:00;EGIB;0204;;;UZG;0;829320;0;;0;0;2,0272424587;0,0958298518;41105046800000
POW;73055;2216;powiat sztumski;;13420;26.09.2012;2.01.1;26.09.2012;2.01.1;;;NZN;NZN;13884;0;829231;PL.PZGIK.200;d30447be-a272-41a0-81e0-a3880afb446c;2012-09-27T09:33:51+02:00;EGIB;2216;;;UZG;0;829231;0;;0;0;2,2273970801;0,0998833941;19263808000000
POW;83468;2207;powiat kwidzyński;;13420;26.09.2012;2.01.1;26.09.2012;2.01.1;;;NZN;NZN;13884;0;829234;PL.PZGIK.200;f4ba051f-f3e2-4074-b9c2-9bd3d3939333;2012-09-27T09:33:51+02:00;EGIB;2207;;;UZG;0;829234;0;;0;0;1,9292003723;0,1136253141;19264476000000
POW;18873;2465;powiat Dąbrowa Górnicza;;13421;26.09.2012;2.01.1;26.09.2012;2.01.1;;;NZN;NZN;13885;0;829253;PL.PZGIK.200;38783656-68a4-4068-aa64-c982dad3ddd5;2012-09-27T09:34:20+02:00;EGIB;2465;;;UZG;0;829253;0;;0;0;1,1687139064;0,0238407846;27625531200000
POW;47462;0401;powiat aleksandrowski;;13424;26.09.2012;2.01.1;26.09.2012;2.01.1;;;NZN;NZN;13889;0;829342;PL.PZGIK.200;20bd1fbc-6150-400a-985a-d7471db79bf0;2012-09-27T07:38:30+02:00;EGIB;0401;;;UZG;0;829342;0;;0;0;1,7796727326;0,0632312625;91086647100000
POW;71321;3020;powiat pleszewski;;13417;21.10.2016;2.01.1;26.09.2012;2.01.1;;;NZN;NZN;27039;0;829158;PL.PZGIK.200;df99672f-a692-4465-8220-a70996ebb8e7;2016-10-21T02:53:10+02:00;EGIB;3020;;;UZG;0;1328519;0;;0;0;2,2073256738;0,0931645396;25085480800000
POW;95367;1434;powiat wołomiński;;13409;1.10.2018;2.01.1;26.09.2012;2.01.1;;;NZN;NZN;91097;0;829128;PL.PZGIK.200;6a5d05b9-a6e5-4606-b5cb-f63c063ea45d;2018-10-01T15:39:22+02:00;EGIB;1434;;;UZG;0;1349371;0;;0;0;2,7339174295;0,1259250226;01326934400000
POW;161547;3204;powiat goleniowski;;13423;15.12.2018;2.01.1;26.09.2012;2.01.1;;;NZN;NZN;102023;0;829294;PL.PZGIK.200;9043964d-c042-4fd3-af34-9b4462f23484;2018-12-15T11:51:09+01:00;EGIB;3204;;;UZG;0;1351568;0;;0;0;3,3527380589;0,2194204106;81168412000000
POW;153415;1609;powiat opolski;;13416;21.03.2019;2.01.1;1.01.2017;2.01.1;;;NZN;NZN;112207;0;829144;PL.PZGIK.200;1da0ca63-52c4-4e1d-869f-b591c1e264b6;2019-03-21T09:00:40+01:00;EGIB;1609;;;UZG;0;1353669;0;;0;0;4,9688523639;0,1952899091;43101943100000
POW;136421;2202;powiat chojnicki;;13420;21.03.2019;2.01.1;26.09.2012;2.01.1;;;NZN;NZN;112216;0;829217;PL.PZGIK.200;26701ba6-99f2-4e59-bb04-b4aa7b973ba8;2019-03-21T12:35:18+01:00;EGIB;2202;;;UZG;0;1353750;0;;0;0;3,7154851252;0,1860635938;09235123900000
POW;105980;1402;powiat ciechanowski;;13409;21.08.2019;2.01.1;26.09.2012;2.01.1;;;NZN;NZN;131695;0;829119;PL.PZGIK.200;9865a510-1a08-480c-b92b-f970f582af66;2019-08-21T13:52:13+02:00;EGIB;1402;;;UZG;0;1355865;0;;0;0;2,8819745498;0,1413879012;13037770600000
POW;97339;1608;powiat oleski;;13416;14.05.2021;2.01.1;26.09.2012;2.01.1;;;NZN;NZN;218258;0;829143;PL.PZGIK.200;46bb9853-3179-46f3-abd1-c72e1a16ec6a;2021-05-14T08:42:52+02:00;EGIB;1608;;;UZG;0;1360088;0;;0;0;2,9351468681;0,1244046296;53246335000000
POW;121772;1416;powiat ostrowski;;13409;18.05.2021;2.01.1;26.09.2012;2.01.1;;;NZN;NZN;219096;0;829101;PL.PZGIK.200;17fc6675-6104-4686-b70e-cf2a562b89e6;2021-05-18T08:56:02+02:00;EGIB;1416;;;UZG;0;1360154;0;;0;0;3,8447249838;0,1621723037;25085476000000
POW;123056;1206;powiat krakowski;;13412;22.08.2021;2.01.1;26.09.2012;2.01.1;;;NZN;NZN;233260;0;829015;PL.PZGIK.200;3104c00e-f86d-4d1a-ac9e-8c85e101ac95;2021-08-22T14:47:51+02:00;EGIB;1206;;;UZG;0;1361197;0;;0;0;4,3507920657;0,154717206;35155441300000
POW;130349;0201;powiat bolesławiecki;;13410;10.12.2021;2.01.1;26.09.2012;2.01.1;;;NZN;NZN;250003;0;829341;PL.PZGIK.200;275bb110-6b8f-4f24-873d-abbb862c02a6;2021-12-10T14:23:10+01:00;EGIB;0201;;;UZG;0;1361679;0;;0;0;2,8587821146;0,1681241518;23082162900000
POW;63911;1401;powiat białobrzeski;;13409;25.01.2022;2.01.1;26.09.2012;2.01.1;;;NZN;NZN;254218;0;829118;PL.PZGIK.200;2a52ff3b-6f43-4385-a9b6-8b7ad0961028;2022-01-25T16:07:37+01:00;EGIB;1401;;;UZG;0;1362783;0;;0;0;2,1988244581;0,0829419285;67022313200000
POW;112050;2205;powiat kartuski;;13420;4.02.2022;2.01.1;26.09.2012;2.01.1;;;NZN;NZN;255335;0;829221;PL.PZGIK.200;0706eee9-51ac-457d-a430-a6a01e217daa;2022-02-04T11:35:00+01:00;EGIB;2205;;;UZG;0;1363019;0;;0;0;2,9244461624;0,154669854;19167486500000
POW;23284;2408;powiat mikołowski;;13421;4.02.2022;2.01.1;26.09.2012;2.01.1;;;NZN;NZN;255340;0;829239;PL.PZGIK.200;c688a2b1-b8c2-4926-aa87-b2578518ede5;2022-02-04T13:23:36+01:00;EGIB;2408;;;UZG;0;1363033;0;;0;0;1,2385065048;0,0292847823;27625501600000
POW;8181;2477;powiat Tychy;;13421;9.02.2022;2.01.1;26.09.2012;2.01.1;;;NZN;NZN;255915;0;829264;PL.PZGIK.200;d21e607b-b050-4798-bc91-efcbbc30c608;2022-02-09T15:18:45+01:00;EGIB;2477;;;UZG;0;1363069;0;;0;0;0,6911188528;0,0102844032;brak
POW;67515;0409;powiat mogileński;;13424;30.03.2022;2.01.1;26.09.2012;2.01.1;;;NZN;NZN;262644;0;829349;PL.PZGIK.200;2dd1ccab-c3f1-47e3-b23b-d727f9f1ac73;2022-03-30T08:54:03+02:00;EGIB;0409;;;UZG;0;1363541;0;;0;0;2,5836571564;0,0896211822;09235081400000
POW;83174;1818;powiat stalowowolski;;13415;5.04.2022;2.01.1;26.09.2012;2.01.1;;;NZN;NZN;263645;0;829087;PL.PZGIK.200;12eb1323-4957-4dae-8cba-92aca864bd69;2022-04-05T15:28:42+02:00;EGIB;1818;;;UZG;0;1363609;0;;0;0;2,5643244622;0,1056533867;83040918100000
POW;2776;2264;powiat Sopot;;13420;26.05.2022;2.01.1;26.09.2012;2.01.1;;;NZN;NZN;271607;0;829215;PL.PZGIK.200;60ce8df5-82b9-47e8-9193-92051c398480;2022-05-26T15:50:43+02:00;EGIB;2264;;;UZG;0;1364178;0;;0;0;0,3120413479;0,0038434353;brak
POW;91402;2210;powiat nowodworski;;13420;2.09.2022;2.01.1;26.09.2012;2.01.1;;;NZN;NZN;288876;0;829224;PL.PZGIK.200;9579f1c6-aa5a-4899-bf6d-80abfff0bde9;2022-09-02T11:27:31+02:00;EGIB;2210;;;UZG;0;1365489;0;;0;0;2,3658014994;0,1261582879;01327003400000
POW;72605;3212;powiat pyrzycki;;13423;11.10.2022;2.01.1;26.09.2012;2.01.1;;;NZN;NZN;297635;0;829303;PL.PZGIK.200;50fe0ae9-37af-4daa-ba99-a6864c4c34dc;2022-10-11T16:02:55+02:00;EGIB;3212;;;UZG;0;1365748;0;;0;0;2,5229013018;0,0974763891;81168416600000
POW;86835;2211;powiat pucki;;13420;10.11.2022;2.01.1;26.09.2012;2.01.1;;;NZN;NZN;303501;0;829225;PL.PZGIK.200;9d05c08b-4dda-4103-8a71-b6d57a91275b;2022-11-10T09:40:10+01:00;EGIB;2211;;;UZG;0;1365989;0;;0;0;2,4403919456;0,1210251554;19167539100000
POW;72758;3208;powiat kołobrzeski;;13423;23.01.2023;2.01.1;26.09.2012;2.01.1;;;NZN;NZN;317146;0;829299;PL.PZGIK.200;cb15d438-7255-4433-9c75-89c68944956c;2023-01-23T12:47:20+01:00;EGIB;3208;;;UZG;0;1367229;0;;0;0;2,1712683269;0,0998514094;33092079400000
POW;58110;0205;powiat jaworski;;13410;9.05.2023;2.01.1;26.09.2012;2.01.1;;;NZN;NZN;331637;0;829322;PL.PZGIK.200;74bb64a5-d003-46ee-8c20-d52ee6b696e1;2023-05-09T07:25:09+02:00;EGIB;0205;;;UZG;0;1367859;0;;0;0;2,3045194494;0,0744416619;39064716200000
POW;39571;0207;powiat kamiennogórski;;13410;23.05.2023;2.01.1;26.09.2012;2.01.1;;;NZN;BRK;333883;0;1331320;PL.PZGIK.200;880dfee6-510b-4e24-be41-b5e6142832be;2023-05-23T09:00:27+02:00;EGIB;0207;;;UZG;0;1367967;0;;0;0;1,6523948864;0,0504078277;23082130000000
POW;219145;2201;powiat bytowski;;13420;14.07.2023;2.01.1;26.09.2012;2.01.1;;;NZN;NZN;339383;0;829216;PL.PZGIK.200;e2a3062e-6769-4642-9ca9-cbdeebbf5034;2023-07-14T12:50:50+02:00;EGIB;2201;;;UZG;0;1368598;0;;0;0;5,0970542539;0,3013625511;77097970800000
POW;187031;0620;powiat zamojski;;13411;9.10.2023;2.01.1;26.09.2012;2.01.1;;;NZN;NZN;347048;0;829006;PL.PZGIK.200;e9e0d8ab-d763-4030-96d5-d82dcb2f09fa;2023-10-09T15:05:05+02:00;EGIB;0620;;;UZG;0;1369164;0;;0;0;4,3114824309;0,238036634;95036873000000
POW;7764;2472;powiat Ruda Śląska;;13421;17.10.2023;2.01.1;26.09.2012;2.01.1;;;NZN;NZN;347935;0;829261;PL.PZGIK.200;7237be71-45b8-4e22-8ff5-c4531d9927ee;2023-10-17T11:19:06+02:00;EGIB;2472;;;UZG;0;1369280;0;;0;0;0,7072786739;0,0097897648;27625542400000
POW;71353;3012;powiat krotoszyński;;13417;31.10.2023;2.01.1;26.09.2012;2.01.1;;;NZN;NZN;348900;0;829183;PL.PZGIK.200;dc54ce6a-5272-45fc-a49c-824dbf170f2c;2023-10-31T13:17:00+01:00;EGIB;3012;;;UZG;0;1369421;0;;0;0;2,2642066232;0,0928495643;25085475400000
POW;69784;1814;powiat przeworski;;13415;26.09.2012;2.01.1;26.09.2012;2.01.1;;;NZN;NZN;13878;0;829083;PL.PZGIK.200;59e7c5a7-8597-4c55-812a-b30932c08dd2;2012-09-27T08:01:01+02:00;EGIB;1814;;;UZG;0;829083;0;;0;0;2,7415803769;0,0876768369;65090025200000
POW;61592;1417;powiat otwocki;;13409;26.09.2012;2.01.1;26.09.2012;2.01.1;;;NZN;NZN;13879;0;829102;PL.PZGIK.200;4670c0b0-9225-450f-a0c2-8ff56cbe3b08;2012-09-27T08:13:53+02:00;EGIB;1417;;;UZG;0;829102;0;;0;0;2,0138601722;0,0806896413;01326868100000
POW;91595;1407;powiat kozienicki;;13409;26.09.2012;2.01.1;26.09.2012;2.01.1;;;NZN;NZN;13879;0;829124;PL.PZGIK.200;e11a1507-ec34-4cf5-a5fc-f557ede188aa;2012-09-27T08:13:53+02:00;EGIB;1407;;;UZG;0;829124;0;;0;0;2,8968746907;0,1188755505;67022315500000
POW;95124;1207;powiat limanowski;;13412;26.09.2012;2.01.1;26.09.2012;2.01.1;;;NZN;NZN;13875;0;829016;PL.PZGIK.200;8526b8c8-68f6-4c04-9098-9e7f03c3d15d;2012-09-27T07:52:00+02:00;EGIB;1207;;;UZG;0;829016;0;;0;0;2,3229164475;0,1185005929;49189285400000
POW;67298;1209;powiat myślenicki;;13412;26.09.2012;2.01.1;26.09.2012;2.01.1;;;NZN;NZN;13875;0;829018;PL.PZGIK.200;2eb1253c-735f-4636-981c-bde46943d44c;2012-09-27T07:52:00+02:00;EGIB;1209;;;UZG;0;829018;0;;0;0;2,1363300824;0,0840538731;35155445900000
POW;6724;1062;powiat Piotrków Trybunalski;;13413;26.09.2012;2.01.1;26.09.2012;2.01.1;;;NZN;NZN;13876;0;829032;PL.PZGIK.200;36f958c5-e9bd-4a4f-a2f1-e27a4b312880;2012-09-27T07:55:30+02:00;EGIB;1062;;;UZG;0;829032;0;;0;0;0,5520064439;0,0086872521;59064846800000
POW;88084;1011;powiat poddębicki;;13413;26.09.2012;2.01.1;26.09.2012;2.01.1;;;NZN;NZN;13876;0;829044;PL.PZGIK.200;fc0925ab-f1f9-41fb-b809-879afbb119b5;2012-09-27T07:55:30+02:00;EGIB;1011;;;UZG;0;829044;0;;0;0;2,3609560753;0,1149908482;73093482600000
POW;92624;1017;powiat wieluński;;13413;26.09.2012;2.01.1;26.09.2012;2.01.1;;;NZN;NZN;13876;0;829050;PL.PZGIK.200;579e259f-4329-42c3-94ce-e1814f8e23b7;2012-09-27T07:55:30+02:00;EGIB;1017;;;UZG;0;829050;0;;0;0;2,5364390162;0,1191971725;73093480300000
POW;53933;1802;powiat brzozowski;;13415;26.09.2012;2.01.1;26.09.2012;2.01.1;;;NZN;NZN;13878;0;829070;PL.PZGIK.200;5e18c93d-2b1b-4164-9ed8-bb5a97fb78b6;2012-09-27T08:01:01+02:00;EGIB;1802;;;UZG;0;829070;0;;0;0;1,7911749738;0,0672417608;37044024100000
POW;62513;1603;powiat kędzierzyńsko-kozielski;;13416;26.09.2012;2.01.1;26.09.2012;2.01.1;;;NZN;NZN;13880;0;829138;PL.PZGIK.200;457aa2e8-c963-4adb-b024-813062e39434;2012-09-27T08:58:33+02:00;EGIB;1603;;;UZG;0;829138;0;;0;0;1,8904703354;0,0788549755;53141248000000
POW;10213;2061;powiat Białystok;;13418;26.09.2012;2.01.1;26.09.2012;2.01.1;;;NZN;NZN;13882;0;829199;PL.PZGIK.200;495a2fe7-0752-4286-ae90-ba3d353deab4;2012-09-27T09:26:09+02:00;EGIB;2061;;;UZG;0;829199;0;;0;0;0,728557903;0,0137105306;05065839600000
POW;67964;3029;powiat wolsztyński;;13417;9.07.2013;2.01.1;26.09.2012;2.01.1;;;NZN;NZN;0;14890;829167;PL.PZGIK.200;6f988fb3-2b2c-467e-9d07-c512d9215c05;2013-07-09T11:04:17+02:00;EGIB;3029;;;UZG;0;829167;0;;0;0;2,4403668256;0,0890804681;41156157100000
POW;109313;3216;powiat świdwiński;;13423;26.09.2012;2.01.1;26.09.2012;2.01.1;;;NZN;NZN;13887;0;829307;PL.PZGIK.200;1a76269e-3e01-40fd-a39b-b5e35a325f9b;2012-09-27T10:07:22+02:00;EGIB;3216;;;UZG;0;829307;0;;0;0;2,9595389215;0,1490476834;33092078800000
POW;177532;2816;powiat piski;;13422;26.09.2012;2.01.1;26.09.2012;2.01.1;;;NZN;NZN;13886;0;829282;PL.PZGIK.200;72e9ea69-9dfa-4360-8678-8ca1aeb7f591;2012-09-27T10:00:59+02:00;EGIB;2816;;;UZG;0;829282;0;;0;0;3,270851178;0,2412897873;79067150900000
POW;1330;2476;powiat Świętochłowice;;13421;26.09.2012;2.01.1;26.09.2012;2.01.1;;;NZN;NZN;13885;0;829263;PL.PZGIK.200;41b7ccc8-219a-4b0e-8536-994521496c7c;2012-09-27T09:34:20+02:00;EGIB;2476;;;UZG;0;829263;0;;0;0;0,2417540236;0,0016787272;brak
POW;8832;2862;powiat Olsztyn;;13422;26.09.2012;2.01.1;26.09.2012;2.01.1;;;NZN;NZN;13886;0;829288;PL.PZGIK.200;1b9e0413-b851-4637-93ab-bdd05f03055b;2012-09-27T10:00:59+02:00;EGIB;2862;;;UZG;0;829288;0;;0;0;0,7065596875;0,0120385749;51074266900000
POW;15972;2464;powiat Częstochowa;;13421;26.09.2012;2.01.1;26.09.2012;2.01.1;;;NZN;NZN;13885;0;829254;PL.PZGIK.200;e14206f5-a5e9-4365-8e22-df3b8a7950aa;2012-09-27T09:34:20+02:00;EGIB;2464;;;UZG;0;829254;0;;0;0;0,7826110701;0,0203678082;15218083700000
POW;70420;0218;powiat średzki;;13410;26.09.2012;2.01.1;26.09.2012;2.01.1;;;NZN;NZN;13888;0;829329;PL.PZGIK.200;9bb7e883-7147-4712-b5b1-fa8e1aa2eb4d;2012-09-27T07:36:28+02:00;EGIB;0218;;;UZG;0;829329;0;;0;0;2,0242933826;0,0904277737;63125795700000
POW;5776;0462;powiat Grudziądz;;13424;26.09.2012;2.01.1;26.09.2012;2.01.1;;;NZN;NZN;13889;0;829361;PL.PZGIK.200;0a26c4e6-0171-469b-ab0e-88cb22934112;2012-09-27T07:38:30+02:00;EGIB;0462;;;UZG;0;829361;0;;0;0;0,6467619541;0,0078159476;87111883300000
POW;96632;1205;powiat gorlicki;;13412;10.10.2017;2.01.1;26.09.2012;2.01.1;;;NZN;BRK;13875;0;1331312;PL.PZGIK.200;5b376d4f-e6fb-48f4-9302-a9b0a6cc2aeb;2017-10-10T00:00:00+02:00;EGIB;1205;;;UZG;0;1331312;0;;0;0;2,2637780494;0,1201893403;49189315000000
POW;92502;2612;powiat staszowski;;13419;12.08.2020;2.01.1;26.09.2012;2.01.1;;;NZN;NZN;180691;0;829212;PL.PZGIK.200;b1b716f1-de0e-40bd-864d-abdee31f32b5;2020-08-12T11:02:04+02:00;EGIB;2612;;;UZG;0;1359054;0;;0;0;2,8883716788;0,1173009608;83040924100000
POW;53024;1204;powiat dąbrowski;;13412;9.02.2021;2.01.1;26.09.2012;2.01.1;;;NZN;NZN;204996;0;829013;PL.PZGIK.200;2f8e6930-0088-406e-b684-cebb73fc5bd9;2021-02-09T12:39:50+01:00;EGIB;1204;;;UZG;0;1359646;0;;0;0;1,685759857;0,0668092516;85166041800000
POW;180777;3002;powiat czarnkowsko-trzcianecki;;13417;11.05.2021;2.01.1;26.09.2012;2.01.1;;;NZN;NZN;217326;0;829150;PL.PZGIK.200;b2e00ebb-412b-4ae8-9afc-fe68f65bb1ac;2021-05-11T10:49:15+02:00;EGIB;3002;;;UZG;0;1360044;0;;0;0;3,9119460304;0,2414716106;57079951000000
POW;141191;1216;powiat tarnowski;;13412;18.05.2021;2.01.1;26.09.2012;2.01.1;;;NZN;NZN;219096;0;829025;PL.PZGIK.200;17c3b30e-7279-4144-9a54-b54dcc50a95c;2021-05-18T08:56:02+02:00;EGIB;1216;;;UZG;0;1360177;0;;0;0;4,2031439976;0,1768628113;85166052000000
POW;64873;1201;powiat bocheński;;13412;25.11.2021;2.01.1;26.09.2012;2.01.1;;;NZN;NZN;247185;0;829011;PL.PZGIK.200;9ae62200-8233-49ef-aec3-b3c95fa6127e;2021-11-25T22:16:44+01:00;EGIB;1201;;;UZG;0;1361533;0;;0;0;2,0541646321;0,0812621874;85166056500000
POW;128485;1403;powiat garwoliński;;13409;26.01.2022;2.01.1;26.09.2012;2.01.1;;;NZN;NZN;254247;0;829120;PL.PZGIK.200;900f7dfa-9e58-4706-a62e-cf8837b367ab;2022-01-26T14:26:58+01:00;EGIB;1403;;;UZG;0;1362857;0;;0;0;2,8302819399;0,1674950914;71158180200000
POW;125680;2602;powiat jędrzejowski;;13419;21.03.2022;2.01.1;26.09.2012;2.01.1;;;NZN;NZN;260889;0;829202;PL.PZGIK.200;2c76d255-52fc-4e03-84c4-ea9d923212b2;2022-03-21T09:42:45+01:00;EGIB;2602;;;UZG;0;1363475;0;;0;0;2,8816621639;0,1597142131;29100936600000
POW;157821;3010;powiat koniński;;13417;30.03.2022;2.01.1;26.09.2012;2.01.1;;;NZN;NZN;262644;0;829181;PL.PZGIK.200;8cde1c44-4964-43be-8faf-e2eb0c33c371;2022-03-30T08:54:03+02:00;EGIB;3010;;;UZG;0;1363542;0;;0;0;4,2155196075;0,2078170703;31101897600000
POW;78557;1812;powiat niżański;;13415;5.04.2022;2.01.1;26.09.2012;2.01.1;;;NZN;NZN;263645;0;829081;PL.PZGIK.200;f87cae01-4621-41f4-b768-c777cf94d1d8;2022-04-05T15:28:42+02:00;EGIB;1812;;;UZG;0;1363608;0;;0;0;3,1210156352;0,0994740714;83040919800000
POW;297656;2002;powiat białostocki;;13418;24.05.2022;2.01.1;26.09.2012;2.01.1;;;NZN;BRK;270408;0;1331298;PL.PZGIK.200;c41931d3-4548-44da-b120-b57d20afe592;2022-05-24T09:37:16+02:00;EGIB;2002;;;UZG;0;1364095;0;;0;0;7,0027565362;0,3992940935;05065839600000
POW;130697;2012;powiat suwalski;;13418;13.06.2022;2.01.1;26.09.2012;2.01.1;;;NZN;NZN;274518;0;829195;PL.PZGIK.200;ca2d03cb-0fdf-4583-92a3-bc7308f4508f;2022-06-13T14:53:45+02:00;EGIB;2012;;;UZG;0;1364504;0;;0;0;3,6140118232;0,1798070171;79067084600000
POW;83861;0225;powiat zgorzelecki;;13410;27.07.2022;2.01.1;26.09.2012;2.01.1;;;NZN;BRK;282377;0;1331314;PL.PZGIK.200;4f25419a-a5aa-4b2f-beae-fc79c7e2eac4;2022-07-27T14:42:07+02:00;EGIB;0225;;;UZG;0;1365036;0;;0;0;2,9656780971;0,107831223;23082135100000
POW;30062;3262;powiat Szczecin;;13423;11.10.2022;2.01.1;26.09.2012;2.01.1;;;NZN;NZN;297635;0;829312;PL.PZGIK.200;0524e545-228b-4b68-80f8-cdf69528a59f;2022-10-11T16:02:55+02:00;EGIB;3262;;;UZG;0;1365739;0;;0;0;2,0827792476;0,0406401395;brak
POW;135089;0809;powiat zielonogórski;;13414;13.10.2022;2.01.1;26.09.2012;2.01.1;;;NZN;NZN;298589;0;829068;PL.PZGIK.200;71fda0fd-9d15-4741-80dc-ce4e1361ef05;2022-10-13T15:12:08+02:00;EGIB;0809;;;UZG;0;1365776;0;;0;0;4,4207625905;0,176726884;97077014900000
POW;57135;1610;powiat prudnicki;;13416;5.12.2022;2.01.1;26.09.2012;2.01.1;;;NZN;BRK;309997;0;1331305;PL.PZGIK.200;ff9b8c70-7c02-4591-afbb-b9845ca57b26;2022-12-05T07:43:27+01:00;EGIB;1610;;;UZG;0;1366337;0;;0;0;2,4398354916;0,0721941266;53141260000000
POW;176658;2815;powiat ostródzki;;13422;13.01.2023;2.01.1;26.09.2012;2.01.1;;;NZN;NZN;316206;0;829283;PL.PZGIK.200;b6c43f52-16e0-4cc8-a429-a1b22a1ad23e;2023-01-13T12:03:19+01:00;EGIB;2815;;;UZG;0;1367143;0;;0;0;4,8109838214;0,2405931651;51074244500000
POW;151995;3214;powiat stargardzki;;13423;1.02.2023;2.01.1;26.09.2012;2.01.1;;;NZN;NZN;317920;0;829305;PL.PZGIK.200;b832e274-346c-4551-b312-80aa8ccfd59b;2023-02-01T10:25:21+01:00;EGIB;3214;;;UZG;0;1367308;0;;0;0;3,977274216;0,2050928084;81168421000000
POW;64594;1218;powiat wadowicki;;13412;13.04.2023;2.01.1;26.09.2012;2.01.1;;;NZN;NZN;328225;0;829027;PL.PZGIK.200;db2b392c-5d8b-4afe-ae75-bc6f563eeb80;2023-04-13T09:43:08+02:00;EGIB;1218;;;UZG;0;1367715;0;;0;0;1,8325984437;0,0808027801;07218168100000
POW;164330;0208;powiat kłodzki;;13410;23.05.2023;2.01.1;26.09.2012;2.01.1;;;NZN;BRK;333883;0;1331319;PL.PZGIK.200;597109f2-464f-46ec-a568-d55db9996a9a;2023-05-23T09:00:27+02:00;EGIB;0208;;;UZG;0;1367980;0;;0;0;3,0578820116;0,2076756231;89071789800000
POW;8468;0265;powiat Wałbrzych;;13410;31.05.2023;2.01.1;1.01.2013;2.01.1;;;NZN;NZN;334879;0;829337;PL.PZGIK.200;35e40755-7070-4ff7-bec7-b90773de500e;2023-05-31T11:42:23+02:00;EGIB;0265;;;UZG;0;1368111;0;;0;0;0,7386492872;0,0107946018;89071849000000
POW;3986;2471;powiat Piekary Śląskie;;13421;5.09.2023;2.01.1;26.09.2012;2.01.1;;;NZN;NZN;343304;0;829256;PL.PZGIK.200;b9dd179d-4e94-4e51-bfaf-9ef45fa2ef30;2023-09-05T13:47:52+02:00;EGIB;2471;;;UZG;0;1368806;0;;0;0;0,4762673062;0,0050371847;brak
POW;112045;0410;powiat nakielski;;13424;5.09.2023;2.01.1;26.09.2012;2.01.1;;;NZN;NZN;343306;0;829351;PL.PZGIK.200;82fd2232-f3be-487e-b7be-b6c27e9bed68;2023-09-05T15:18:05+02:00;EGIB;0410;;;UZG;0;1368829;0;;0;0;2,3063898386;0,1502656948;09235086600000
POW;8042;2478;powiat Zabrze;;13421;17.10.2023;2.01.1;26.09.2012;2.01.1;;;NZN;NZN;347934;0;829265;PL.PZGIK.200;46e00c62-03b5-4429-b5e9-b8f49af9d6bf;2023-10-17T11:08:30+02:00;EGIB;2478;;;UZG;0;1369266;0;;0;0;0,7090364004;0,0101496042;brak
POW;147507;1211;powiat nowotarski;;13412;14.11.2023;2.01.1;26.09.2012;2.01.1;;;NZN;BRK;349776;0;1331310;PL.PZGIK.200;a472069d-aabd-4128-a1dc-c3f6f7c8c11a;2023-11-14T15:13:56+01:00;EGIB;1211;;;UZG;0;1369520;0;;0;0;3,5036535679;0,1830219533;49189313800000
